{
    "train_loss": [
        1.6289579379993926,
        0.7208721604928535,
        0.5373746859161727,
        0.4300936562278837,
        0.34990229587809335,
        0.28462336760576923,
        0.23134474502469274,
        0.18980131781873869,
        0.15859788527956875,
        0.1337068027500642,
        0.115188338230733,
        0.09959934408126848,
        0.09121748368683465,
        0.08057669008081753,
        0.07436485920891128,
        0.06934680726725966,
        0.062435024687797186
    ],
    "val_loss": [
        0.9475943547853641,
        0.7248654451441467,
        0.7106103998251212,
        0.6296749532920173,
        0.6569180435105804,
        0.6481859776520918,
        0.6688043652426735,
        0.7355239301184525,
        0.755274851947526,
        0.7939006600554138,
        0.8208569950038076,
        0.8720109898820122,
        0.8851943266690913,
        0.9611703566995583,
        1.0243596605745064,
        0.9780894717714096,
        1.013591218581731
    ],
    "train_cer": [
        0.5082307001878394,
        0.21838112598816212,
        0.16477439214343656,
        0.13544799252343367,
        0.11530691243102528,
        0.09912310733992777,
        0.08587255908924071,
        0.0749507268369868,
        0.06700224852180511,
        0.060713173130010206,
        0.05657391899769596,
        0.0524963527063998,
        0.050547016930227964,
        0.04774947334005731,
        0.046457113070728195,
        0.04565208674544204,
        0.04319074188882
    ],
    "val_cer": [
        0.2793190599308602,
        0.20515353106934317,
        0.19729541295064346,
        0.17164395898091392,
        0.1725299944804346,
        0.16679255149173516,
        0.16570316358248846,
        0.16587746564796793,
        0.1692618307526944,
        0.1697266362606397,
        0.17191993725125643,
        0.1709903262353659,
        0.16855009731865322,
        0.1718327862185167,
        0.17809313540365454,
        0.17091770037474943,
        0.17119367864509194
    ],
    "train_wer": [
        0.7297297297297297,
        0.47351601023656453,
        0.39332126583858684,
        0.34200112352537293,
        0.30476249921977405,
        0.27286686224330564,
        0.24449160476874102,
        0.22137194931652207,
        0.20444416703077212,
        0.18926409088071905,
        0.1793271331377567,
        0.170139192310093,
        0.16553273828100618,
        0.1581424380500593,
        0.15529617377192434,
        0.15353598402097246,
        0.14617065102053556
    ],
    "val_wer": [
        0.5544157258295604,
        0.4484497678950083,
        0.43423691902114736,
        0.4013410510630982,
        0.3986474869620035,
        0.3938334575047281,
        0.3921714711444782,
        0.3946357957476073,
        0.3990486560834432,
        0.3992205857069173,
        0.40340420654478765,
        0.4042638546621583,
        0.3996790647028483,
        0.40626970026935644,
        0.4164135480543298,
        0.4033468966702963,
        0.4026018683019084
    ]
}