{
    "overall_cer": 1.300964921244325,
    "overall_wer": 0.9192417399572141,
    "mean_cer": 1.175748232194152,
    "mean_wer": 0.9192177376211139,
    "median_cer": 1.0,
    "median_wer": 1.0,
    "min_cer": 0.0,
    "min_wer": 0.0,
    "max_cer": 16.0,
    "max_wer": 1.0,
    "std_cer": 0.5184858456826469,
    "std_wer": 0.27250043754796954
}