{
    "train_loss": [
        2.6977155910932176,
        1.421669378701194,
        1.0091017021334385,
        0.8648337308807077,
        0.7804896061006076,
        0.7382279769557633,
        0.6802985965729653,
        0.6458488399229482,
        0.5988281438632483,
        0.5691515442333551,
        0.5443587109180154,
        0.539997675376195,
        0.5166527699005372,
        0.49897641516697017,
        0.49759540254554735,
        0.48483558822967715,
        0.48467731236624134
    ],
    "val_loss": [
        1.820140055571122,
        1.1581974522820835,
        0.9861081655675742,
        0.9456713071752941,
        0.9114079319912455,
        0.9313884954657526,
        0.8884700771750718,
        0.876928955926255,
        0.893294855723272,
        0.8869999776334166,
        0.920146786167972,
        0.9279183277842598,
        0.9122472442975124,
        0.9461358732132912,
        0.9778314041106895,
        0.9749130642824415,
        0.9768672570723972
    ],
    "train_cer": [
        0.8010288792145481,
        0.44500987044227425,
        0.33368631603718085,
        0.26857081225242185,
        0.27245035363637554,
        0.44948425304937834,
        0.3868723117752415,
        0.41650978546495665,
        0.407832293995372,
        0.19402282621484881,
        0.20954099175066349,
        0.17238956217071288,
        0.1686930488554209,
        0.20539017662208625,
        0.46375717404661987,
        0.40284804748271036,
        0.3322286282046254
    ],
    "val_cer": [
        0.6006167252197658,
        0.35226976358866574,
        0.2755319638556065,
        0.34182225426875107,
        0.2441280702023534,
        0.2735375788165626,
        0.23800684227482627,
        0.731785895095347,
        0.23377260942270223,
        0.43950109691177147,
        0.23918813187487534,
        0.24228709939708207,
        0.22217449334949296,
        0.6822177561634168,
        0.9546967767669484,
        0.3585444057499655,
        0.4312167282880506
    ],
    "train_wer": [
        0.8657987046257735,
        0.6788890786552282,
        0.6260625090321479,
        0.5463299919860215,
        0.5580750686443239,
        0.7135988018445288,
        0.6904502279385683,
        0.599668930725068,
        0.6723465191744289,
        0.4468384198010957,
        0.46333933286913564,
        0.4080297436840653,
        0.40343155931000957,
        0.43257091057188274,
        0.7890090255790428,
        0.7290092883324356,
        0.6880985850729797
    ],
    "val_wer": [
        0.7578559380271132,
        0.6169175985506341,
        0.5373274192540763,
        0.682201536827638,
        0.5114012619478978,
        0.5724370587867808,
        0.49384644218154555,
        0.9463359780096208,
        0.49072280877116264,
        0.7704754170050603,
        0.5044667957768476,
        0.5190854001374399,
        0.47991503717123757,
        0.9029174736052977,
        0.9307802836259137,
        0.7844068220153683,
        0.8430686574623603
    ]
}