{
    "train_loss": [
        1.3018253281696863,
        0.6072141672534521,
        0.47900334017979984,
        0.4052500593322246,
        0.3427002680202952
    ],
    "val_loss": [
        0.8438369228944673,
        0.5736500611724137,
        0.5058681734285869,
        0.4381704076317015,
        0.44595126150832787
    ],
    "train_cer": [
        0.37741331354854735,
        0.1779421425746587,
        0.14158432992655878,
        0.12177121771217712,
        0.10492255498285719
    ],
    "val_cer": [
        0.2691345903072887,
        0.1642606201003329,
        0.14789132135679547,
        0.12431155362594541,
        0.12672015709617537
    ],
    "train_wer": [
        0.6196857428136003,
        0.4174155236743917,
        0.3539334699668926,
        0.3155052814125808,
        0.281714751169268
    ],
    "val_wer": [
        0.5433872680702193,
        0.4032610732804398,
        0.3733991378771787,
        0.33254201286936963,
        0.33485350159305305
    ]
}