{
    "train_loss": [
        1.3032519228920951,
        0.6100140173947899,
        0.4803613531398347,
        0.40304564233363993,
        0.3455089462938651,
        0.2948984957459754,
        0.2508542294509231,
        0.20823280437409752,
        0.1752918682512597,
        0.14389115190681864
    ],
    "val_loss": [
        0.8109723565789251,
        0.5689324992639082,
        0.5142578265027745,
        0.4639064995320765,
        0.4253367955808516,
        0.4300227078230499,
        0.4157150217576639,
        0.44944866985123566,
        0.40641344697833376,
        0.5722028868669248
    ],
    "train_cer": [
        0.37752117113730926,
        0.17848469893024882,
        0.1417804346333986,
        0.12025794305772995,
        0.10523632251380087,
        0.09180641850705487,
        0.08054673992266938,
        0.06966619710484084,
        0.06170761441892541,
        0.053389506437137
    ],
    "val_cer": [
        0.24825491309083655,
        0.16286455057300217,
        0.14818280840096343,
        0.12978844177162757,
        0.11990856511667153,
        0.12095178190632527,
        0.11163953791632787,
        0.11780679011398677,
        0.1051501158277465,
        0.14887317245294018
    ],
    "train_wer": [
        0.620579116085974,
        0.4178096589416154,
        0.35486625676598876,
        0.314112670135057,
        0.28231909191234433,
        0.25524199905407535,
        0.2311866099111882,
        0.2079589048294708,
        0.18822586578380368,
        0.16886068632087867
    ],
    "val_wer": [
        0.5152745673767727,
        0.4031361279440245,
        0.3777722246517149,
        0.343662147810333,
        0.32117198725557566,
        0.33197975885550074,
        0.30761541825451366,
        0.3219216592740676,
        0.29137252452052226,
        0.3842693821453114
    ]
}