{
    "train_loss": [
        2.0612012405070663,
        0.8064188460425432,
        0.5770760133762235,
        0.5185732123942511,
        0.6061139685439402,
        0.48698745838376634,
        0.4084399336427325,
        0.3473437172748443,
        0.31595916251508604,
        0.2768974136169514,
        0.33827533642937646,
        0.37594101487136466,
        0.3351530784896134,
        0.29728777456599387,
        0.28969227665717284,
        0.278171614551865,
        0.25794520066805104,
        0.25879201711577665,
        0.2699217529014956,
        0.2691498473834926
    ],
    "val_loss": [
        0.996152450700482,
        0.7017471058491224,
        0.6290971630972303,
        0.8684715718447329,
        0.743219566514749,
        0.7041822707730377,
        0.6891015664285826,
        0.7198085943999107,
        0.7394640976841935,
        0.7352499594677708,
        0.8195144767294863,
        0.8658882044999304,
        0.866336166962773,
        0.886629487768916,
        0.9240899447968858,
        0.9292885767455824,
        0.9363238280880712,
        0.9469027126230255,
        0.9892752536083618,
        1.0167555325625541
    ],
    "train_cer": [
        0.6508641539527527,
        0.26915258004209647,
        0.1895092233073172,
        0.16882705154854818,
        0.174347308833719,
        0.1441901661633395,
        0.12606711900746492,
        0.10711717718424389,
        0.09837105018891111,
        0.0912002719274163,
        0.10236171575740936,
        0.10835915336444811,
        0.09623354381561229,
        0.08648729915937822,
        0.08533683701350486,
        0.08090167470682826,
        0.07517224248604411,
        0.07517224248604411,
        0.07792420023270712,
        0.07649592762547228
    ],
    "val_cer": [
        0.3203135786938312,
        0.23584370157863246,
        0.1947133455041959,
        0.23562892165135083,
        0.19778163017964806,
        0.190310356994922,
        0.18098277158154732,
        0.18279305954006414,
        0.18368286209594525,
        0.175260420661829,
        0.19063252688584448,
        0.20289032416427596,
        0.19388490864182378,
        0.1967537548133716,
        0.20112606047589096,
        0.1994538453277695,
        0.2001595508031235,
        0.19893223693294265,
        0.19939247963426046,
        0.20327385974870749
    ],
    "train_wer": [
        0.7882339030702734,
        0.5296714268822996,
        0.4214433043866679,
        0.39218571409803327,
        0.40725462117529593,
        0.35304859623999896,
        0.32113719668405216,
        0.2841283813077236,
        0.2677982579450057,
        0.25613200730454433,
        0.28159281106717293,
        0.29616248669810946,
        0.27250154367618273,
        0.24970768685050646,
        0.2479209637794448,
        0.23863263134385224,
        0.22567888907865521,
        0.22637518556958366,
        0.23378483124663346,
        0.23080258023831732
    ],
    "val_wer": [
        0.5746236021740488,
        0.5087774098831761,
        0.43356031736115447,
        0.5211469981882926,
        0.44980321109514587,
        0.44430561629287185,
        0.42568876116698945,
        0.43068657462360216,
        0.4306241019553945,
        0.4158180795901793,
        0.4445555069657025,
        0.45611295058411944,
        0.4488036484038233,
        0.4517398638095833,
        0.4587992753170488,
        0.45336415318298245,
        0.4564877865933654,
        0.45330168051477476,
        0.4587992753170488,
        0.46467170612856873
    ]
}