{
    "num_filters": {
        "24": {
            "train_loss": [
                3.0443331512366933,
                1.9350769506393297,
                1.4294699773161068,
                1.0703432836022413,
                0.8505387143021377,
                0.7102490216383924,
                0.6085602599622135,
                0.5279441223527793,
                0.4624540503791971,
                0.40563388893872376
            ],
            "val_loss": [
                2.227035512690661,
                1.6802113186353924,
                1.278684027057359,
                0.9951966032869872,
                0.8721069082587972,
                0.7627052461643745,
                0.7098163413372578,
                0.6663752293539071,
                0.6601398554116279,
                0.6538362277896032
            ],
            "train_cer": [
                0.8539542879928357,
                0.6687758817357882,
                0.4827313463568648,
                0.35788128474730274,
                0.28232867802548706,
                0.23460006079245913,
                0.20252059916524764,
                0.1770400609231956,
                0.15706025970800008,
                0.1399043662712978
            ],
            "val_cer": [
                0.76688707178252,
                0.5795989751929184,
                0.4229323596643297,
                0.329825261187733,
                0.27981222097786235,
                0.24477240998419833,
                0.22366261141708726,
                0.20508414770722427,
                0.20555973183191936,
                0.19877882269917002
            ],
            "train_wer": [
                0.8819433496242577,
                0.7500788270534448,
                0.6708576383414788,
                0.599834463187766,
                0.5326475379683641,
                0.4781780440380472,
                0.4351778863839403,
                0.39815544694939303,
                0.3682668558515949,
                0.3402963897209522
            ],
            "val_wer": [
                0.8050228025238958,
                0.7176860123695883,
                0.6576497782220279,
                0.5864934091335041,
                0.5375148372586993,
                0.49678265758730555,
                0.47416755169613295,
                0.4478040857125008,
                0.44936590241769225,
                0.44493034297494843
            ],
            "epoch_times": [
                388.22353172302246,
                369.3339424133301,
                368.4046037197113,
                369.35921120643616,
                369.5882728099823,
                369.9316008090973,
                369.6300513744354,
                370.16006112098694,
                369.52273535728455,
                370.40104484558105
            ],
            "total_time": 3714.5550553798676
        },
        "36": {
            "train_loss": [
                2.995721211825761,
                1.5319774494624916,
                0.981409176244752,
                0.7376225631116066,
                0.5996706729823357,
                0.4991738395340404,
                0.41943063121151913,
                0.3517108548528561,
                0.29170991393564155,
                0.23854034108150904
            ],
            "val_loss": [
                2.0137109301317815,
                1.1784279880256787,
                0.8993814603492118,
                0.7375903963364999,
                0.667952158962605,
                0.6482061335387854,
                0.627000474048474,
                0.6322470017057703,
                0.6389653376372962,
                0.6304377764798533
            ],
            "train_cer": [
                0.82934314728444,
                0.4985243120810305,
                0.3144571658294085,
                0.236047967211293,
                0.1931043048251563,
                0.162868227442239,
                0.14003510274252431,
                0.12073513117770682,
                0.10331449638677077,
                0.08743655195630787
            ],
            "val_cer": [
                0.678811960173665,
                0.3717687127011644,
                0.2903057545679088,
                0.23529141033705106,
                0.20801435957228112,
                0.20551370756178758,
                0.19064786830922173,
                0.18914440881825015,
                0.1907399168494853,
                0.1793105564334259
            ],
            "train_wer": [
                0.8792632298071364,
                0.7016658783961323,
                0.5662541384203058,
                0.4799910662672763,
                0.42243417941037364,
                0.37724000210205477,
                0.34051973303904565,
                0.3052577644647643,
                0.2724788480739923,
                0.24035682379525986
            ],
            "val_wer": [
                0.7920284875367027,
                0.6219778846754545,
                0.5497594802274005,
                0.4879740113700256,
                0.45655025926157305,
                0.4496157930905229,
                0.43643406009870683,
                0.43749609545823703,
                0.4390579121634285,
                0.4236271631161367
            ],
            "epoch_times": [
                609.6772527694702,
                606.8668286800385,
                607.0250945091248,
                606.6370623111725,
                606.3216483592987,
                606.0139071941376,
                607.7650961875916,
                607.7451512813568,
                606.079253911972,
                606.4720542430878
            ],
            "total_time": 6070.60334944725
        },
        "48": {
            "train_loss": [
                3.13792349234239,
                1.4695239390124157,
                0.9188245681605128,
                0.6898733293381054,
                0.5550568979664399,
                0.4552185065744662,
                0.37596630606091297,
                0.3053048078081405,
                0.2452105471913308,
                0.19274201641622127
            ],
            "val_loss": [
                2.0058162157562958,
                1.0973417868335982,
                0.9032161987644026,
                0.7241546510104863,
                0.6411545870966208,
                0.6183414256404052,
                0.6029762119168359,
                0.6044255536529461,
                0.6219788999168732,
                0.6432045863937589
            ],
            "train_cer": [
                0.8540490719344749,
                0.471465130948918,
                0.29339225190303275,
                0.22108190966763522,
                0.1798182109367595,
                0.1506182200883125,
                0.12742230168094418,
                0.10655349246140823,
                0.08894655819897437,
                0.07302612441536284
            ],
            "val_cer": [
                0.6672598683705874,
                0.3509964254483531,
                0.2782473957933817,
                0.2272678459107436,
                0.19505085681849563,
                0.18773299786754216,
                0.1786815580749582,
                0.17673319730604606,
                0.1757360047865241,
                0.17730082997100471
            ],
            "train_wer": [
                0.8946345052288612,
                0.6879368332545063,
                0.5464291344789531,
                0.46238635766461716,
                0.4035288244258763,
                0.3571522413158863,
                0.31843502023227704,
                0.2796126964107415,
                0.24378580062010616,
                0.21087550580692627
            ],