{
    "num_filters_with_hidden_size": {
        "filters_24_hidden_128": {
            "train_loss": [
                1.8580935275266348,
                0.8248366736839247,
                0.6628114444114558,
                0.5749483463030257,
                0.5207565223702183
            ],
            "val_loss": [
                0.989338405110262,
                0.7082839213557296,
                0.6411710625977723,
                0.5945236091757868,
                0.570389582393142
            ],
            "train_cer": [
                0.5304338162956475,
                0.23533545344310838,
                0.19089159004964718,
                0.16802904964390653,
                0.15282766645204096
            ],
            "val_cer": [
                0.2822515072948468,
                0.20155562033045427,
                0.18194928125431478,
                0.17186996609545432,
                0.16519644692634583
            ],
            "train_wer": [
                0.7320405696568396,
                0.5021546061274896,
                0.43699090861316936,
                0.3975379683640759,
                0.37343002785222557
            ],
            "val_wer": [
                0.5729993128006498,
                0.46379708877366155,
                0.42968701193227965,
                0.4143187355531955,
                0.4090710314237521
            ],
            "epoch_times": [
                351.2853698730469,
                309.6742489337921,
                312.5557336807251,
                318.9439306259155,
                324.23890256881714
            ],
            "total_time": 1616.6981856822968
        },
        "filters_36_hidden_256": {
            "train_loss": [
                1.5497345141118508,
                0.7155445279163768,
                0.5756920134043468,
                0.495627500354993,
                0.44427239990839196
            ],
            "val_loss": [
                0.8674668134464608,
                0.6728466728201636,
                0.5591630689301096,
                0.5102516117800664,
                0.48156558579349373
            ],
            "train_cer": [
                0.4486483483081066,
                0.20664533483244488,
                0.16711062593354012,
                0.146388895244134,
                0.13133132217061763
            ],
            "val_cer": [
                0.25896322660816473,
                0.1972600217848212,
                0.1597502416274182,
                0.14578954635411073,
                0.13523464707055521
            ],
            "train_wer": [
                0.6786352409480267,
                0.4608360922802039,
                0.3995874717536392,
                0.3637999894897262,
                0.33525145830048875
            ],
            "val_wer": [
                0.5353907665396389,
                0.45686262260261135,
                0.40026238520647217,
                0.3697757231211345,
                0.3550946460923346
            ],
            "epoch_times": [
                598.6186730861664,
                594.3100571632385,
                1143.95383644104,
                614.9182596206665,
                594.1341998577118
            ],
            "total_time": 3545.9350261688232
        },
        "filters_48_hidden_512": {
            "train_loss": [
                1.3732435464169575,
                0.6520125499988204,
                0.5206233833130101,
                0.44147655396133695,
                0.3862448988229694
            ],
            "val_loss": [
                0.8195803823558006,
                0.6087672890021608,
                0.5060036046659345,
                0.48473455716151514,
                0.5655361573834281
            ],
            "train_cer": [
                0.40272716278978554,
                0.19157468811180584,
                0.15298128180573214,
                0.13237721394042992,
                0.11671825309927147
            ],
            "val_cer": [
                0.2411364926437875,
                0.18474142030897628,
                0.14493042664498412,
                0.14124848503444148,
                0.16393845020941042
            ],
            "train_wer": [
                0.6404172578695675,
                0.4384886226286195,
                0.3740343685953019,
                0.33768195911503496,
                0.307031373167271
            ],
            "val_wer": [
                0.52308365090273,
                0.43837071281314427,
                0.37002561379396515,
                0.3667145623789592,
                0.4083213594052602
            ],
            "epoch_times": [
                783.4778864383698,
                781.9397044181824,
                781.2765040397644,
                960.9021072387695,
                790.3172752857208
            ],
            "total_time": 4097.913477420807
        },
        "filters_64_hidden_1024": {
            "train_loss": [
                1.347468728936433,
                0.6116933138949011,
                0.47741004146094956,
                0.397630858770743,
                0.33763578098921493
            ],
            "val_loss": [
                0.6981762843457731,
                0.5808871799222121,
                0.4748487552733986,
                0.4462438552053301,
                0.4416217581665778
            ],
            "train_cer": [
                0.395945208344909,
                0.178318009929435,
                0.14142417774930627,
                0.11942776646544145,
                0.1033569857399194
            ],
            "val_cer": [
                0.20095730481874108,
                0.1685101943758342,
                0.13463633155884203,
                0.12049153920500744,
                0.12161146311154748
            ],
            "train_wer": [
                0.6305376005044931,
                0.41612801513479425,
                0.3544983971832466,
                0.31270692101529246,
                0.2798754532555573
            ],
            "val_wer": [
                0.4592365839945024,
                0.41132004747922785,
                0.3521584306865746,
                0.3277940900855876,
                0.32410820266133566
            ],
            "epoch_times": [
                1149.896884918213,
                1164.9665858745575,
                1154.452966451645,
                1202.7266919612885,
                1251.9013493061066
            ],
            "total_time": 5923.94447851181
        }
    }
}