{
    "train_loss": [
        1.848288928678679,
        0.7563939907588064,
        0.5963403692316513,
        0.5181353253581312,
        0.5675003454435131,
        0.6154461934988741,
        0.583031983657668,
        0.7480299571653645,
        0.6775329438280839,
        0.6201678572543963,
        0.584252305870915,
        0.5726139992726377,
        0.5615460583189188,
        0.5462234504215918,
        0.5393410506902564,
        0.5924773016501822
    ],
    "val_loss": [
        0.9482530019621351,
        0.7753795852739106,
        0.7108070820919954,
        0.7114253946979832,
        0.8771272054476839,
        0.9002077911209391,
        1.0406070668070435,
        0.9852690519838609,
        0.9500894196841725,
        0.918582080174123,
        0.9542869513656509,
        0.9527520969791355,
        0.958832807136541,
        0.999606158852551,
        1.0342637344465457,
        1.0205429178050165
    ],
    "train_cer": [
        0.5705940108001963,
        0.23919162166584848,
        0.19126438662521136,
        0.17031582392407135,
        0.17463862979326897,
        0.18762886597938144,
        0.1887470681285114,
        0.2926198658157421,
        0.18832978781432388,
        0.17659957453771888,
        0.16893034418807615,
        0.16588937980690557,
        0.16569573992254405,
        0.15919925816833033,
        0.33676975945017185,
        0.48865706649211804
    ],
    "val_cer": [
        0.3035470119842355,
        0.234939274511381,
        0.21327649534840076,
        0.21027373388026488,
        0.23775436338775838,
        0.25762084774390737,
        0.9823587763747017,
        0.2501943751843213,
        0.24276790262473524,
        0.23579720635941984,
        0.24070350411539182,
        0.23850505375479236,
        0.23603849969168075,
        0.2389876404193142,
        0.7523257996192927,
        0.43960964100914235
    ],
    "train_wer": [
        0.7269177464416922,
        0.48069604241370967,
        0.4174604571353147,
        0.3865631255912181,
        0.4018193017577051,
        0.4231031524297688,
        0.4246430692742592,
        0.5661174296587984,
        0.4292848186197945,
        0.40849594121917415,
        0.3947576830851134,
        0.38932397650526873,
        0.38836702818047825,
        0.37899553424115096,
        0.5404998130100974,
        0.734881316408914
    ],
    "val_wer": [
        0.5521667580910586,
        0.48710916072408117,
        0.4596818431157433,
        0.455842018650576,
        0.5052111903455841,
        0.5416346681294569,
        0.9376851343938563,
        0.5255074053757542,
        0.5085024684585847,
        0.49983543609435,
        0.5061985737794844,
        0.5043335161821174,
        0.49764125068568293,
        0.5071859572133846,
        0.9252879868348876,
        0.8469555677454745
    ]
}