{
    "hidden_size": {
        "128": {
            "train_loss": [
                3.8226767959867436,
                2.6561628834754103,
                1.9945958550483665,
                1.608819784914575,
                1.3319688783762733,
                1.1511874382640255,
                1.0312427047599355,
                0.9419575054746802,
                0.8721686749271829,
                0.8112222728130695
            ],
            "val_loss": [
                3.2729286585977215,
                2.319657316940749,
                1.7915284676466159,
                1.4788033424499267,
                1.2700080107785985,
                1.1631724276466522,
                1.1106265499563275,
                1.0531774450264528,
                1.0404674369477465,
                1.005817566565173
            ],
            "train_cer": [
                0.9942836225295215,
                0.8209358647941091,
                0.6682540045691799,
                0.5208309501475669,
                0.4630363802159085,
                0.497125469419505,
                0.5200498099443397,
                0.48047966584194823,
                0.670894846762517,
                0.6445517922101692
            ],
            "val_cer": [
                0.9126305938664989,
                0.7431692312412745,
                0.5813478974579261,
                0.4674071460350091,
                0.5754874737278125,
                0.5158553610603992,
                0.32574444256938156,
                0.6260374637558873,
                0.6762192596229079,
                0.5874844668088305
            ],
            "train_wer": [
                0.9938252141468286,
                0.8687135424877818,
                0.7816753376425456,
                0.7022964948236902,
                0.731449366756004,
                0.8045089074570393,
                0.8615534184665511,
                0.8530663723790005,
                0.9751300646381839,
                0.9712806768616322
            ],
            "val_wer": [
                0.9154744799150372,
                0.8053351658649341,
                0.7278065846192291,
                0.6850752795651902,
                0.9961891672393328,
                0.9105391391266321,
                0.5901168238895483,
                0.9932529518335728,
                0.9887549197226213,
                0.9791341288186418
            ]
        },
        "256": {
            "train_loss": [
                2.7202941619417467,
                1.655368451314177,
                1.199589399252748,
                0.9735375684259117,
                0.8401145979549025,
                0.7517851753719621,
                0.7499278086614368,
                0.6943960345911819,
                0.6288415447090532,
                0.5676797656475545
            ],
            "val_loss": [
                2.066546209320099,
                1.3915131118840087,
                1.1085993943516603,
                1.0063735301980001,
                0.9297626838682892,
                0.9102669087296237,
                0.9554112689223832,
                0.92549633063718,
                0.9157789831389924,
                0.8652146385755843
            ],
            "train_cer": [
                0.835682745952942,
                0.6666721139484186,
                0.5861591107421485,
                0.544644287054317,
                0.7611933469079595,
                0.753656487875985,
                0.367603272291094,
                0.4513650343342169,
                0.38143174174655103,
                0.1918238479816187
            ],
            "val_cer": [
                0.6970529125692282,
                0.9392479634260467,
                0.6031940843471457,
                0.5508491477839313,
                0.9250878296488348,
                0.8218707331666232,
                0.2833560897780096,
                0.5936363775831122,
                0.24244051363085467,
                0.23776137950079007
            ],
            "train_wer": [
                0.8967759735141101,
                0.8298912186662463,
                0.898786063376951,
                0.805218350938042,
                0.9129880708392454,
                0.9569604288191708,
                0.6749566451206054,
                0.7311866099111882,
                0.6826422828314678,
                0.43998633664406955
            ],
            "val_wer": [
                0.8048978571874805,
                0.9949397138751797,
                0.977822202786281,
                0.8452552008496282,
                0.986256012994315,
                0.9804460548510027,
                0.5814955956768914,
                0.9908165177734741,
                0.5034047604173174,
                0.49678265758730555
            ]
        },
        "512": {
            "train_loss": [
                2.026837347960452,
                0.8456376058098847,
                0.6122755683501093,
                0.4923661725330844,
                0.3984258596584063,
                0.3345733524258644,
                0.27625582021127687,
                0.2330996095993195,
                0.20367793462656694,
                0.17303557454117263
            ],
            "val_loss": [
                1.092935870685977,
                0.7436863057122021,
                0.6879904895663975,
                0.6353612657108468,
                0.6159837385583781,
                0.6164740160062998,
                0.6297872567144102,
                0.6455387213748848,
                0.6713379429515727,
                0.6911270350976262
            ],
            "train_cer": [
                0.694129682347212,
                0.2686632043743851,
                0.20202115942123722,
                0.18797370923935247,
                0.13634001496913026,
                0.14957037288822506,
                0.15053127338926603,
                0.11260511891960792,
                0.09967545095321984,
                0.09969179279847563
            ],
            "val_cer": [
                0.3513799610327846,
                0.22521209517819063,
                0.20416366230458863,
                0.19090867250663515,
                0.1764723931086326,
                0.17932589785680317,
                0.22574904499639475,
                0.17476949511375667,
                0.1951735882055137,
                0.1889756531611003
            ],
            "train_wer": [
                0.8181591255452204,
                0.5123101581796206,
                0.4386068632087866,
                0.4429949025172106,
                0.3298255294550423,
                0.37679331546586786,
                0.4119764569867045,
                0.3175416469599033,
                0.2773398497030848,
                0.2955751747333018
            ],
            "val_wer": [
                0.598050852751921,
                0.47847816580246144,
                0.4502405197725995,
                0.43024926594614854,
                0.41481851689885674,
                0.42212781907915287,
                0.5669394639845068,
                0.4199412756918848,
                0.4601736740176173,
                0.44724183169863185
            ]
        }
    }
}