{
    "learning_rate": {
        "0.0001": {
            "train_loss": [
                2.8991939176401074,
                2.3454880979147363,
                2.064728187383722,
                1.8666341070898718
            ],
            "val_loss": [
                2.5456389694156227,
                2.186913752353022,
                1.9937689373001635,
                1.8498069724489745
            ],
            "train_cer": [
                0.8640245764358616,
                0.7827847742070799,
                0.9314000363958262,
                1.2026969924093112
            ],
            "val_cer": [
                0.8160967957470296,
                0.7532318507974319,
                0.942233390465677,
                0.7001859222031781
            ],
            "train_wer": [
                0.8909306535172586,
                0.8135696897821609,
                0.8865738717932713,
                0.9502902440546782
            ],
            "val_wer": [
                0.8466960857355722,
                0.794830649320878,
                0.926012952031635,
                0.7657172330792595
            ]
        },
        "0.001": {
            "train_loss": [
                2.081809182720576,
                1.236492709347533,
                0.9768368713736392,
                0.8458127739791238
            ],
            "val_loss": [
                1.5652345850872513,
                1.1438270621684634,
                1.0566661726481918,
                1.0205450214780218
            ],
            "train_cer": [
                0.7568296150987159,
                0.6812249971469374,
                0.7199988896188617,
                0.7974418052329796
            ],
            "val_cer": [
                0.5809052087267235,
                0.7600441565232549,
                0.6376114806960462,
                0.7354239897742788
            ],
            "train_wer": [
                0.8928531302665252,
                0.8917420885088322,
                0.8443293177704263,
                0.7606391611010549
            ],
            "val_wer": [
                0.6802682102126196,
                0.971574302252278,
                0.6885208321393776,
                0.7141383460370222
            ]
        },
        "0.01": {
            "train_loss": [
                7.5975149904461885,
                7.125068504842733,
                7.099795938800756,
                7.162676841449395
            ],
            "val_loss": [
                6.859529104613034,
                6.75828820374119,
                6.854733571341888,
                5.672843117980538
            ],
            "train_cer": [
                0.9686718299389598,
                0.968085795449288,
                0.9682122555233751,
                0.9686286484502472
            ],
            "val_cer": [
                0.934012143043895,
                0.9866223164744502,
                0.9676379165093106,
                0.9866223164744502
            ],
            "train_wer": [
                0.9834841770176643,
                0.9826977092566007,
                0.9829099307159354,
                0.9838961363210785
            ],
            "val_wer": [
                1.0,
                0.953521691787495,
                1.0,
                0.953521691787495
            ]
        },
        "0.1": {
            "train_loss": [
                117.9708985358024,
                101.86788922248127,
                100.76920420812856,
                100.09364027923627
            ],
            "val_loss": [
                99.80400116568197,
                106.5541152359694,
                73.17986991578127,
                91.60271224136423
            ],
            "train_cer": [
                0.964066832606959,
                0.9642827400505224,
                0.9637182963052068,
                0.9643505966756423
            ],
            "val_cer": [
                0.928143973506086,
                0.9951631176829445,
                0.9951631176829445,
                0.9456903814310199
            ],
            "train_wer": [
                0.9908744772486112,
                0.9913363710130454,
                0.9916609450096748,
                0.9922726421571687
            ],
            "val_wer": [
                0.9779930081953121,
                0.9929508854375609,
                0.9929508854375609,
                1.0
            ]
        }
    }
}