{
    "train_loss": [
        1.9022053876529923,
        0.9423255647259424,
        0.7005271257521462,
        0.5577023778887589,
        0.4491087315679654,
        0.35682645110202377,
        0.2843624514647757,
        0.22307486964016426,
        0.1799543090542476,
        0.14808616137466732,
        0.12500537166253387,
        0.10665880661011867,
        0.09632625722548141,
        0.08451091845887745,
        0.07873011638981933,
        0.07461690770287968,
        0.06939386456306136,
        0.06579160987491373,
        0.06273740711572445,
        0.060439081930040495,
        0.05785333233265567,
        0.055913189316062886,
        0.055613856496424495,
        0.052707173262891045,
        0.04925900767467028,
        0.051093723450643405,
        0.04654656666887551,
        0.0500458252853402,
        0.04822994803469724,
        0.04612998582625652
    ],
    "val_loss": [
        1.2699964387977443,
        0.9445961672752091,
        0.8518442169831012,
        0.8208939450806626,
        0.8152033484032536,
        0.8512594946553397,
        0.8814891376544352,
        0.9496603837222036,
        1.0231595421111763,
        1.07832940690041,
        1.1412480437805224,
        1.1593936553447295,
        1.2323949895259765,
        1.2753904431859402,
        1.3184565105580057,
        1.3452071842320956,
        1.3739024003140732,
        1.3861658771808287,
        1.4397777391718112,
        1.4613974132912897,
        1.4843417723494703,
        1.509735821638786,
        1.5417373620447223,
        1.5387305241307438,
        1.6056863293043946,
        1.585503235022074,
        1.6309306640356933,
        1.600077696076157,
        1.659824589227172,
        1.7438948073678322
    ],
    "train_cer": [
        0.5904883517934197,
        0.3023907122786563,
        0.2258854518480135,
        0.18470573357638342,
        0.1565236434072662,
        0.1330298291555243,
        0.11573564292610106,
        0.09825330878157261,
        0.085474672514674,
        0.07625850906657043,
        0.06839947812086498,
        0.06318068677073406,
        0.05991123119677496,
        0.055630095030119085,
        0.053915173049816016,
        0.05225268573437832,
        0.05033419387871554,
        0.04844654594356179,
        0.047209704731148966,
        0.04629980907613205,
        0.04554413302366037,
        0.04459414027198169,
        0.0448563135963086,
        0.04319074188882,
        0.042271593057650374,
        0.04314756040010734,
        0.04238571556353385,
        0.04227776184175218,
        0.04115195874317193,
        0.043493012309808676
    ],
    "val_cer": [
        0.390131598059437,
        0.2821224181506551,
        0.246012840252157,
        0.23416029979955263,
        0.22519826859948291,
        0.22150887488016732,
        0.2257502251401679,
        0.22272898933852367,
        0.2299625250559219,
        0.23018040263777126,
        0.23065973331783982,
        0.225604973418935,
        0.231269790547018,
        0.2313859919240043,
        0.23278040844784012,
        0.23199604915318248,
        0.23219940156290853,
        0.22839380646660662,
        0.23718153560119687,
        0.23029660401475757,
        0.2317926967434564,
        0.23357929291462104,
        0.23748656421578596,
        0.2381111466170874,
        0.23386979635708682,
        0.23626644975742964,
        0.23587427011010081,
        0.23780611800249832,
        0.23745751387153938,
        0.2409435551811289
    ],
    "train_wer": [
        0.778578116222458,
        0.5669558704200737,
        0.4681230884464141,
        0.40636664378003867,
        0.361675301167218,
        0.3204294363647712,
        0.28988202983584044,
        0.25782410586105736,
        0.2340802696460895,
        0.2165532738281006,
        0.20107359091192809,
        0.190986829785906,
        0.18418325947194308,
        0.17474564633917983,
        0.17173709506273016,
        0.16820423194557144,
        0.16383496660632918,
        0.15980275887897136,
        0.15680669121777666,
        0.15387304163285687,
        0.15416016478372135,
        0.15085200674115223,
        0.1509269084326821,
        0.14719430747144374,
        0.14402346919667935,
        0.14840521815117658,
        0.1454715685662568,
        0.14509706010860746,
        0.14243805005929716,
        0.1505898508207977
    ],
    "val_wer": [
        0.6533325692016735,
        0.5316063957819932,
        0.48799358129405696,
        0.4782509026305232,
        0.46667430798326553,
        0.465986589489369,
        0.46919594246088603,
        0.46839360421800674,
        0.47962633961831624,
        0.479740959367299,
        0.4776204940111181,
        0.47125909794257553,
        0.4808298469826351,
        0.48008481861424723,
        0.47916786062238526,
        0.4859877356868588,
        0.482491833342885,
        0.47320763367528224,
        0.4881082010430397,
        0.4745257607885839,
        0.4778497335090836,
        0.48214797409593674,
        0.48615966531033294,
        0.48988480715227234,
        0.4822625938449195,
        0.484325749326609,
        0.48547194681643646,
        0.4851853974439796,
        0.4863889048082985,
        0.49573041435039256
    ]
}