{
    "train_loss": [
        4.0967440944364775,
        4.026645539235617,
        4.015556592520103,
        3.9913638880325544,
        3.926408369433366,
        3.899928814254223,
        3.889945813157957,
        3.8897983522445245,
        3.8872565072417635,
        3.8844513544650234
    ],
    "val_loss": [
        4.0337498315508995,
        4.003705424466531,
        3.981047962499463,
        3.9151139545297693,
        3.856852418955775,
        3.8403766511500566,
        3.8879502087697455,
        3.8544784353590797,
        3.8927377302130717,
        3.8736010431826324
    ],
    "train_cer": [
        0.9999836579410967,
        1.0,
        1.0,
        1.0,
        0.9959863903333454,
        0.9768171552397543,
        0.9712216342712585,
        0.9731140446922627,
        0.9721106422755991,
        0.971159534447426
    ],
    "val_cer": [
        1.0,
        1.0,
        1.0,
        1.0,
        1.0,
        0.9275577988125738,
        0.9879569826488501,
        0.9878342512618321,
        0.9879569826488501,
        0.9879569826488501
    ],
    "train_wer": [
        1.0,
        1.0,
        1.0,
        1.0,
        0.9912239213831521,
        0.9668400861842451,
        0.9627936307740816,
        0.9627542172473593,
        0.9637395554154186,
        0.962583425298229
    ],
    "val_wer": [
        1.0,
        1.0,
        1.0,
        1.0,
        1.0,
        0.9786343474729806,
        0.9570188042731305,
        0.9505841194477416,
        0.9570188042731305,
        0.9570188042731305
    ]
}