{
    "train_loss": [
        1.6949152025065835,
        0.7969048439858587,
        0.580105206386434,
        0.4622835698736672,
        0.37497561484495057,
        0.30651511030523276,
        0.24503399596282868,
        0.20036097778994547,
        0.16254618225067735,
        0.13552995878581642
    ],
    "val_loss": [
        1.0436228830213672,
        0.7590971197284191,
        0.7170095884708105,
        0.6497926622822089,
        0.6722396984363468,
        0.683715116753995,
        0.7090250863305247,
        0.7389759587454349,
        0.8008700603997808,
        0.838614572544572
    ],
    "train_cer": [
        0.522764355531703,
        0.25192697393380276,
        0.1801439177330952,
        0.14645618775311292,
        0.12657728098503143,
        0.10545844861248624,
        0.09155709363905827,
        0.09327510001141225,
        0.07673967422651158,
        0.06467661691542288
    ],
    "val_cer": [
        0.3110710861923714,
        0.21636696394852278,
        0.1936060192313279,
        0.18076576707433983,
        0.1786741422885861,
        0.17239926793132498,
        0.1735177061848183,
        0.1728350230950237,
        0.176611567847079,
        0.17666966853557214
    ],
    "train_wer": [
        0.7426877223643967,
        0.5259347106922164,
        0.4199113663316897,
        0.3645590162911179,
        0.3306285500280881,
        0.286199363335622,
        0.2587978278509456,
        0.27820984957243616,
        0.2334685724985956,
        0.200561762686474
    ],
    "val_wer": [
        0.5917817639979368,
        0.46461115250157603,
        0.43744627199266434,
        0.4231188033698206,
        0.4115422087225629,
        0.4026018683019084,
        0.4042638546621583,
        0.40626970026935644,
        0.40942174336638204,
        0.41211530746747665
    ]
}