{
    "train_loss": [
        2.3916924996894995,
        1.0362066870639501,
        0.6902855613504926,
        0.5245730887691086,
        0.4108629353145641,
        0.31619661891594,
        0.2358346880909122,
        0.1729802532207963,
        0.12571523572491103,
        0.09317743166043305,
        0.07210342000626893,
        0.05793165473301284,
        0.04795773344374674,
        0.03986845157162696,
        0.03386153792328789,
        0.029025631123312384,
        0.024900703247193786,
        0.022867802950203738,
        0.019580659071655213,
        0.01821539529783283,
        0.01737282521175148
    ],
    "val_loss": [
        1.4067936625735633,
        0.880785983538014,
        0.6860376511444931,
        0.609699459544484,
        0.595281581729483,
        0.5834804679621299,
        0.5941195202244819,
        0.6212760869946298,
        0.6702460342485724,
        0.7013162266329114,
        0.718007061946048,
        0.7460781424944553,
        0.7834600208095681,
        0.8073621355560617,
        0.8219069332456687,
        0.844790174688865,
        0.8674591041238581,
        0.8930732475447861,
        0.9133079394099035,
        0.9239469023913539,
        0.9357042961069522
    ],
    "train_cer": [
        0.7035536598155704,
        0.32973192474452273,
        0.21133948098788802,
        0.15865489147812295,
        0.1224724058986788,
        0.09289587783135304,
        0.06775103278038548,
        0.047207336257945695,
        0.03184992390039265,
        0.02184186629490836,
        0.016319848568176296,
        0.012773862662590969,
        0.010407740417204906,
        0.008812206632816197,
        0.0076898972975047,
        0.006925703761494878,
        0.00617110261296635,
        0.005790604576208321,
        0.0047322444907721235,
        0.004751429265734713,
        0.004540396741146226
    ],
    "val_cer": [
        0.473865870312289,
        0.27114065759262873,
        0.20111949817668862,
        0.17388237765805784,
        0.16729444602848267,
        0.15540915707489833,
        0.15389348259975688,
        0.1542686495490493,
        0.15841049266923782,
        0.15811035910980387,
        0.15347329561654938,
        0.1538334558878701,
        0.15639959782103036,
        0.1566997313804643,
        0.15698485826192657,
        0.15495895673574742,
        0.1549439500577757,
        0.1597610936866906,
        0.1601512673139547,
        0.15530411032909644,
        0.155574230532587
    ],
    "train_wer": [
        0.806965683956067,
        0.5691576015555205,
        0.43703032213989174,
        0.3571128277891639,
        0.2952730043617636,
        0.2372825687109149,
        0.1842319617426034,
        0.1364627673550896,
        0.09733827316201588,
        0.06961742603394819,
        0.05394398024068527,
        0.04335487939460823,
        0.03652320142939724,
        0.030860791423616585,
        0.02748436596773346,
        0.024883073204056964,
        0.02222922907141731,
        0.020889169162856693,
        0.017420778811288035,
        0.017578432918177518,
        0.016737611014766934
    ],
    "val_wer": [
        0.6888861123258574,
        0.5170238020865872,
        0.434934716061723,
        0.39620166177297433,
        0.3887674142562629,
        0.36921346910726555,
        0.36608983569688264,
        0.3682763790841507,
        0.3790841506840757,
        0.37646029861935404,
        0.37071281314424936,
        0.3690260511026426,
        0.37489848191416253,
        0.37427375523208595,
        0.3733366652089711,
        0.37108764915349535,
        0.3755856812644468,
        0.3813331667395514,
        0.38145811207596675,
        0.37446117323670897,
        0.3745236459049166
    ]
}