{
    "train_loss": [
        1.7031871877978904,
        0.6764200021572544,
        0.5027040368625669,
        0.4065168897945485,
        0.3386297796853866,
        0.2857742030859056,
        0.2385547208434243,
        0.20096158443741524,
        0.1685761830276887,
        0.14273724993730022
    ],
    "val_loss": [
        0.8310787795813053,
        0.6209485178718438,
        0.5360412415634324,
        0.4706309094548702,
        0.46687309681758893,
        0.4426385338634967,
        0.5320115795100366,
        0.4368646779161814,
        0.48892304559166616,
        0.4590146043179715
    ],
    "train_cer": [
        0.5492762102111721,
        0.20562559035687789,
        0.1515725963282662,
        0.12480103543285212,
        0.10634431410744577,
        0.09228033821525106,
        0.07967407397723224,
        0.07039505293192878,
        0.06214885000931497,
        0.05536362715265771
    ],
    "val_cer": [
        0.2575518156574567,
        0.18851541045978246,
        0.16007241151834067,
        0.1379040547381986,
        0.13054017151711336,
        0.1270576684104751,
        0.1540125492843226,
        0.11783747296074129,
        0.12650537716889373,
        0.11332709448782657
    ],
    "train_wer": [
        0.6988149666298807,
        0.442719007830154,
        0.36276209995270375,
        0.31607020862893476,
        0.2806899994744863,
        0.25265384413263964,
        0.22662777865363393,
        0.2072625991907089,
        0.18823900362604445,
        0.17322244994482106
    ],
    "val_wer": [
        0.5118385706253514,
        0.42737552320859623,
        0.3906415943024927,
        0.3502217779721372,
        0.3378521896670207,
        0.32916848878615607,
        0.3758980446054851,
        0.3165490098082089,
        0.33160492284625476,
        0.30536640219903793
    ]
}