{
    "train_loss": [
        3.8518058046056143,
        3.780950272471872,
        3.774671945210887,
        3.7715030995578545,
        3.7777495234045193,
        3.772691558638331,
        3.773988456104331,
        3.774832592501876,
        3.7765523267469194,
        3.7799145094854474
    ],
    "val_loss": [
        3.7696933365058802,
        3.758787176955765,
        3.753318286549741,
        3.753284449937164,
        3.7516518670996684,
        3.7621449905893076,
        3.7517612860954626,
        3.7658086217444637,
        3.761445913357713,
        3.778710734659526
    ],
    "train_cer": [
        0.9620341287558137,
        0.958350628679006,
        0.9555332577240742,
        0.9541409143055115,
        0.9597266300386653,
        0.9571413163201605,
        0.9576609937932861,
        0.95566072578352,
        0.9587755222104922,
        0.9577034831464346
    ],
    "val_cer": [
        0.9879569826488501,
        0.9878342512618321,
        0.9879569826488501,
        0.9879569826488501,
        0.9878342512618321,
        0.9879569826488501,
        0.9878342512618321,
        0.9038246168479511,
        0.9879569826488501,
        0.9879569826488501
    ],
    "train_wer": [
        0.9738688317830679,
        0.9688370382048452,
        0.971425193126281,
        0.9718718797624678,
        0.9682195596195281,
        0.9700063061642756,
        0.9701770981134058,
        0.9702427873246098,
        0.970295338693573,
        0.9700719953754795
    ],
    "val_wer": [
        0.9570188042731305,
        0.9505841194477416,
        0.9570188042731305,
        0.9570188042731305,
        0.9505841194477416,
        0.9570188042731305,
        0.9505841194477416,
        1.0,
        0.9570188042731305,
        0.9570188042731305
    ]
}