{
    "batch_size": {
        "4": {
            "train_loss": [
                1.9555394958234642,
                1.0800916926548487,
                0.9472150305918683,
                0.8427881478172845,
                0.7919102149280807,
                0.7468316242080568,
                0.7144751737658723,
                0.6882474006815044,
                0.6803861578450989,
                0.6596462404567794
            ],
            "val_loss": [
                1.2282580909864238,
                1.1549461144201834,
                0.9797124448032218,
                0.9569704249787001,
                0.9339499673815439,
                0.9435097724960271,
                1.021051820387239,
                0.9158042514841466,
                0.9188745397283625,
                0.9417294251621058
            ],
            "train_cer": [
                0.6088820907034814,
                0.36652024421173734,
                0.2719993201814593,
                0.2384300113738871,
                0.31363820580198976,
                0.24644729445294217,
                0.20479533539893582,
                0.19417970741655882,
                0.22112405381025219,
                0.22912499509746245
            ],
            "val_cer": [
                0.36896123222312566,
                0.3370203887516684,
                0.2676924965098262,
                0.2791525397726401,
                0.39606952733074574,
                0.2508936379117255,
                0.2628906309927435,
                0.23883527913719835,
                0.2348925333292423,
                0.23213107712133532
            ],
            "train_wer": [
                0.7661888934140862,
                0.6479892796615736,
                0.5394064400856576,
                0.4880907024711957,
                0.6345100306107703,
                0.5487473231998108,
                0.44510424740859467,
                0.4284719576441531,
                0.4863696677483348,
                0.5170461263581067
            ],
            "val_wer": [
                0.6293496595239583,
                0.6009245954894733,
                0.5356406572124696,
                0.5653776472793153,
                0.8769288436309115,
                0.5244580496032986,
                0.5355157118760542,
                0.5043418504404323,
                0.4962828762416443,
                0.49359655150871495
            ]
        },
        "8": {
            "train_loss": [
                2.1415816161346735,
                1.1388594177509457,
                0.9070823049629116,
                0.7971577720366003,
                0.7172112156974875,
                0.6653991191727271,
                0.6305218391049924,
                0.5940371493749187,
                0.5747940949921336,
                0.5594694676400641
            ],
            "val_loss": [
                1.3471112879051799,
                1.0562178240991247,
                0.9631097815495202,
                0.9265077955041571,
                0.8873956120884356,
                0.8722578349101102,
                0.901043573894288,
                0.9090891190064975,
                0.8973518345665107,
                0.924780792267672
            ],
            "train_cer": [
                0.6499392085343374,
                0.3891470892000366,
                0.2595305330038828,
                0.2261802042070309,
                0.20473323658992562,
                0.19210756821063915,
                0.18195604711665425,
                0.19571256749160032,
                0.2228922356878587,
                0.1638493417526245
            ],
            "val_cer": [
                0.40397036037003514,
                0.30191921206449535,
                0.26783056932022153,
                0.25104705214549805,
                0.24280870779190894,
                0.22972247365110535,
                0.23664145559425004,
                0.23754659957350843,
                0.22755933295491157,
                0.23128729883558596
            ],
            "train_wer": [
                0.7886805838380389,
                0.6993181549456757,
                0.5126318693590131,
                0.469553450608931,
                0.44217454707883913,
                0.4237423965736958,
                0.408581525808952,
                0.44975498246121104,
                0.4675828001629071,
                0.38201715779655004
            ],
            "val_wer": [
                0.662022864996564,
                0.5723745861185732,
                0.5353282938714312,
                0.5167114387455488,
                0.5007184356843881,
                0.48747423002436435,
                0.4927219341538077,
                0.5029049790716561,
                0.4841631786093584,
                0.49066033610295495
            ]
        },
        "16": {
            "train_loss": [
                2.266429255124021,
                1.1569810674706968,
                0.8794088972417088,
                0.7480903441973665,
                0.6600919632756246,
                0.5921170320169908,
                0.5541980581360034,
                0.5059062043567247,
                0.4791633183992498,
                0.4586554575018138
            ],
            "val_loss": [
                1.437304860704786,
                1.08520906112649,
                0.8774454673746607,
                0.8346837192074164,
                0.8055736956137282,
                0.8280418001219526,
                0.7931373430402963,
                0.8039981873183103,
                0.96105157145179,
                0.7977260765354415
            ],
            "train_cer": [
                0.7224019819325149,
                0.4154443006366762,
                0.417663515969199,
                0.2609849524780693,
                0.43103763841497694,
                0.609937770456655,
                0.5581114118000811,
                0.4594069890575362,
                0.247404923455047,
                0.24714345478553032
            ],
            "val_cer": [
                0.46395532577512544,
                0.3403034533544022,
                0.43594188668824696,
                0.3235506190264333,
                0.6471932865931301,
                0.561526778454505,
                1.0019637021922894,
                0.26488501603178743,
                0.25749044996394765,
                0.21125139990488317
            ],
            "train_wer": [
                0.8149427854487171,
                0.6924734290631528,
                0.7489128578372768,
                0.5380926731216417,
                0.6889393959299499,
                0.8525033829499323,
                0.911964475741293,
                0.7529986730953664,
                0.5268862409185858,
                0.4835976194542612
            ],
            "val_wer": [
                0.6764540513525332,
                0.6437808458799276,
                0.9538951708627476,
                0.6618354469919411,
                0.9831948522521397,
                0.9578934216280377,
                0.9650777784719186,
                0.5541950396701443,
                0.5222090335478228,
                0.46585868682451426
            ]
        },
        "32": {
            "train_loss": [
                2.446426299537702,
                0.9416326282027392,
                0.6624529322184767,
                0.5373650882189468,
                0.46109434482903916,
                0.3922346064286687,
                0.34442737910981136,
                0.2988560836937645,
                0.2610642273414526,
                0.23004860270852998
            ],