{
    "train_loss": [
        1.6864187182869008,
        0.7532549938886798,
        0.5544137563993804,
        0.4413622732642371,
        0.3581723204164726,
        0.29276307622494874,
        0.23638979334523416,
        0.1938192968972014,
        0.16106908707195045,
        0.13475773542992686
    ],
    "val_loss": [
        0.9872433048631146,
        0.7208571222548456,
        0.6562342747109476,
        0.6360897223228686,
        0.6526353930026689,
        0.6623072140580376,
        0.6812529459211115,
        0.7440264056353274,
        0.763706285338533,
        0.8013221799866762
    ],
    "train_cer": [
        0.5157597011840981,
        0.2295990598773029,
        0.16931153285031753,
        0.1427024826271618,
        0.12125670469722065,
        0.10392550576318654,
        0.09264279964097677,
        0.08545925055441947,
        0.07273304895238623,
        0.0654600524963527
    ],
    "val_cer": [
        0.30321296807367165,
        0.20813119135461755,
        0.18282834151584695,
        0.17678586991255846,
        0.1790953722801615,
        0.16855009731865322,
        0.1667489759753653,
        0.16821601835981756,
        0.17130988002207825,
        0.18336577288440867
    ],
    "train_wer": [
        0.7310155421009924,
        0.4895324886087011,
        0.4011734598339679,
        0.36081393171462456,
        0.3215904125834842,
        0.28761001185943447,
        0.26708694838025093,
        0.256313588415205,
        0.22245802384370514,
        0.20576743024779975
    ],
    "val_wer": [
        0.5945326379735228,
        0.4546392343400768,
        0.41595506905839874,
        0.4091351939939252,
        0.42225915525245,
        0.3945211759986246,
        0.39583930311192617,
        0.4005387128202189,
        0.4033468966702963,
        0.4336065104017422
    ]
}