{
    "train_loss": [
        1.3612717051374659,
        0.6348050750034908,
        0.4876957914114913,
        0.3982392862007088,
        0.32932026551962984,
        0.27400367684228877,
        0.22925764221918035,
        0.19558643925579597,
        0.16668829369993093,
        0.14433329309119364,
        0.125521329532294,
        0.11355614778667739,
        0.10176273357133908,
        0.09155583462936795,
        0.08514298756404587,
        0.07939544358256137,
        0.07347141402889253,
        0.06978121139436523,
        0.06569085137332552,
        0.0619703657052142,
        0.059784924487422085,
        0.06461722171116853,
        0.05995138628600125,
        0.04741957534337835,
        0.05364411181395687,
        0.0519487955024732,
        0.04901061095030908,
        0.050348958844601256,
        0.04609196094079823,
        0.044755271432005236
    ],
    "val_loss": [
        0.8243243165888698,
        0.6618099637298848,
        0.6170878368382889,
        0.6166480080364144,
        0.5939432445270761,
        0.6145865044336318,
        0.6213539710998668,
        0.6559467329506017,
        0.6743402865425727,
        0.7219191016611198,
        0.7484978377103283,
        0.785253270426987,
        0.8031659259951284,
        0.8273527902136125,
        0.8383859980656114,
        0.8865378050099814,
        0.9039170959825998,
        0.9138529581178063,
        0.95462952706014,
        0.9859197049606815,
        1.1561030194016175,
        1.025416872434003,
        1.009314407270892,
        1.039174364977796,
        1.032491595908971,
        1.0618952838534395,
        1.0852843381884474,
        1.0881079478087958,
        1.112044425223128,
        1.1171330840853941
    ],
    "train_cer": [
        0.4207388352718737,
        0.19242288248774725,
        0.14956525494042497,
        0.1262225758991774,
        0.10878959202746342,
        0.09540024613448567,
        0.08373199100591278,
        0.0759130571568691,
        0.06813730479653808,
        0.06319302433893767,
        0.05847698889310422,
        0.055121170341719795,
        0.051768436182386274,
        0.049664880803669195,
        0.04835401418203465,
        0.04706165391270554,
        0.04547627639854047,
        0.044325798163552976,
        0.04333570831521253,
        0.04268181720042071,
        0.04195081628435627,
        0.043921742804884444,
        0.04158994241440041,
        0.037484616594646115,
        0.040387029514547534,
        0.0400446619968971,
        0.03934450500134171,
        0.03923963567161095,
        0.038437693738375696,
        0.03800896324329993
    ],
    "val_cer": [
        0.23850332626441623,
        0.18605292972721726,
        0.16651657322139268,
        0.16651657322139268,
        0.15389419864625395,
        0.15849867820933677,
        0.15098916422159603,
        0.15393777416262383,
        0.15225285419632223,
        0.15598582343200768,
        0.15457688173604858,
        0.15318246521221277,
        0.15541934171919938,
        0.15489643552276094,
        0.15698806030851464,
        0.15759811753769282,
        0.15643610376782965,
        0.1577869447752956,
        0.15909421026639164,
        0.15925398715974784,
        0.20169654010400023,
        0.15655230514481597,
        0.15754001684919966,
        0.1591813612991314,
        0.15570984516166517,
        0.16162159021584405,
        0.1576416930540627,
        0.15793219649652848,
        0.15589867239926794,
        0.15921041164337799
    ],
    "train_wer": [
        0.6402846264278135,
        0.4292366269271581,
        0.363373072841895,
        0.3219149865801136,
        0.28885837338493225,
        0.26249297796641907,
        0.2381998626802322,
        0.2215217526995818,
        0.20359528119343362,
        0.19332126583858686,
        0.1825978403345609,
        0.17503276949004432,
        0.1668684851132888,
        0.16172523562823793,
        0.15889145496535798,
        0.15681917483303165,
        0.15191311403782534,
        0.1495786779851445,
        0.14728169277822858,
        0.14533424879845203,
        0.1430372635915361,
        0.14713188939516883,
        0.1421384432931777,
        0.13050371387553836,
        0.139154859247238,
        0.13838087510142938,
        0.1372323824979714,
        0.13602147181823857,
        0.1337494538418326,
        0.13300043692653393
    ],
    "val_wer": [
        0.48627428505931575,
        0.4157831394349246,
        0.38414808871568573,
        0.39136913290159897,
        0.3636311536477735,
        0.37119605708063497,
        0.3620837870365064,
        0.3660954782509026,
        0.36552237950598887,
        0.3723422545704625,
        0.37239956444495387,
        0.36804401398360936,
        0.37136798670410914,
        0.37102412745716085,
        0.3719410854490229,
        0.3761247062868932,
        0.37675511490629837,
        0.37285804344088486,
        0.379448679007393,
        0.37956329875637573,
        0.4400825262192676,
        0.3732019026878331,
        0.3761247062868932,
        0.3761820161613846,
        0.372113015072497,
        0.3830592011003496,
        0.3789328901369706,
        0.3750358186715571,
        0.373946931056221,
        0.3775574531491776
    ]
}