{
    "train_loss": [
        2.2858950696665223,
        1.3702291036389476,
        0.9905569144728616,
        0.8073238249880066,
        0.6801181194297284,
        0.5817504797071639,
        0.5052255738397604,
        0.44258339558685234,
        0.39001447666203976,
        0.34533981227549165,
        0.3066759064778604,
        0.2738516333583081,
        0.24858575723743556,
        0.2277000124208124,
        0.20594657097055263,
        0.19032128742517868,
        0.17630488790802729,
        0.16193147591440443,
        0.153558759481881,
        0.14230796017329875,
        0.13550014973147254,
        0.12898602423384312,
        0.12445144652854856,
        0.11494130720701877,
        0.11125984551450836,
        0.10438048098603758,
        0.10130001986256733,
        0.09805904587564826,
        0.09567426528717865,
        0.09086525114313505
    ],
    "val_loss": [
        1.6978636462690426,
        1.1858711480295352,
        1.0110797266195009,
        0.9209992059734398,
        0.8831914394443443,
        0.8805523159368241,
        0.868807367201746,
        0.8902790125068465,
        0.9065286624006326,
        0.9414735728568345,
        0.9871173270540116,
        1.0278930533062718,
        1.0507636968270295,
        1.0615803120484086,
        1.0906285365526356,
        1.1347760422470894,
        1.158144840553525,
        1.1995319272407503,
        1.2322079448636978,
        1.287409059548094,
        1.284501090745426,
        1.3361282205280842,
        1.327996238932796,
        1.3349377420580115,
        1.3826314552116663,
        1.392873180375198,
        1.4132887063158814,
        1.4203086726782863,
        1.474410100016055,
        1.492792096403245
    ],
    "train_cer": [
        0.7611169200494736,
        0.5774598797703978,
        0.524547134137126,
        0.5514152732925577,
        0.7019181834164577,
        0.7698642559058397,
        0.7852615410239565,
        0.8549256198856924,
        0.9996730544426041,
        0.9406501281564897,
        0.8767538624299458,
        0.8965865033172636,
        1.0542297810390082,
        1.1141379278437324,
        1.1416383673695996,
        1.0338172744461203,
        0.9669908362712167,
        0.9049266994229103,
        0.9638139124587848,
        1.018922745232301,
        1.0868040454886139,
        1.156431111645739,
        1.2654551174690714,
        1.2661028397997613,
        1.1735649094885152,
        1.17736488049523,
        1.2293399709450268,
        1.1635097914025656,
        1.201244243753335,
        1.1262318290753301
    ],
    "val_cer": [
        0.6191645120994684,
        0.4520669319931441,
        0.4755977108328734,
        0.5986694942335067,
        0.7214071986753043,
        0.756543590041542,
        0.8425761845277867,
        0.8654388054498445,
        0.9076634808122477,
        1.1227667547860443,
        0.9237428463527293,
        1.1294483339627575,
        1.1976440170816025,
        1.3100833744879876,
        1.280408447840107,
        1.1783836388461204,
        1.0006826830897946,
        1.00556314092322,
        1.087397960665834,
        1.1417366295790605,
        1.2097870609766725,
        1.2473927316038695,
        1.2975917264619585,
        1.368169537809023,
        1.1034628010341923,
        1.465952996543009,
        1.1401679109897451,
        1.2505011184382535,
        1.30819510211196,
        1.2393167359033204
    ],
    "train_wer": [
        0.8194869234130204,
        0.7107920853879284,
        0.6727045752449909,
        0.6638911428749766,
        0.6744273141501779,
        0.687909618625554,
        0.6825791149116784,
        0.7209787154359902,
        0.7710754634542163,
        0.7516010236564509,
        0.703713875538356,
        0.714349915735597,
        0.7952437425878535,
        0.7759440734036577,
        0.7794894201360714,
        0.7339367080706573,
        0.7122901192185257,
        0.6917920229698521,
        0.7082703951064229,
        0.7333874289994382,
        0.757730478746645,
        0.8108607452718307,
        0.8541913738218588,
        0.8132201485550216,
        0.7461831346357906,
        0.7400037450845764,
        0.8135696897821609,
        0.7554459771549841,
        0.8342800074901692,
        0.7649584919792772
    ],
    "val_wer": [
        0.7246260530689438,
        0.6067396412401856,
        0.6247349418304774,
        0.6756261103788183,
        0.6543068370680268,
        0.6967161441916442,
        0.7042237377500143,
        0.7315605478824001,
        0.7034787093816265,
        0.7866926471431027,
        0.7224482778382715,
        0.8193019657286951,
        0.8097885265631268,
        0.8776434179609147,
        0.8154622041377729,
        0.8112212734254112,
        0.7376927044529773,
        0.7165453607656599,
        0.7511605249584503,
        0.7623932603587598,
        0.7780961659693966,
        0.947102985844461,
        0.8519112843142873,
        0.8407931686629606,
        0.721760559344375,
        0.8357498997077196,
        0.7519628632013295,
        0.7763195598601639,
        0.8971287752879821,
        0.7429652129061838
    ]
}