{
    "train_loss": [
        1.64374105468874,
        0.77239885799759,
        0.5738628535723168,
        0.4716283052050291,
        0.40312160828186133,
        0.34207003573912864,
        0.29399557506247503,
        0.25370663367432694,
        0.22185648971866417,
        0.19062974846475073,
        0.17114676565384948,
        0.15229630997750404,
        0.1365435505433111,
        0.12159102386900997,
        0.11407885650608249,
        0.10429946546325425,
        0.0981814207222671,
        0.08756148435255243,
        0.08337717875719453,
        0.07907443470434597,
        0.0719143538510997
    ],
    "val_loss": [
        1.5691604658810503,
        1.615119114291975,
        0.6435740142340987,
        0.9324419087188005,
        0.6040195303051471,
        0.6062895652393381,
        0.6361061380302196,
        1.2705542240377512,
        0.6385977728491119,
        2.338631410542413,
        1.3344659771369265,
        0.7156974432776081,
        0.746201893039692,
        0.776165611046958,
        0.8074862560519277,
        2.211440575772617,
        0.8421535121905425,
        1.2731404197012461,
        0.885173787329218,
        0.8938295059016389,
        0.9622879660930221
    ],
    "train_cer": [
        0.4917611951364176,
        0.22912341834717279,
        0.17130968268090155,
        0.14282139679715303,
        0.12483318505338079,
        0.10997738730723607,
        0.09788330367734283,
        0.08803813266113088,
        0.07987346777382365,
        0.07186017200474495,
        0.06790295077105575,
        0.062021179319889284,
        0.05858293792012653,
        0.05461644918940293,
        0.05334989126136813,
        0.05070865460656386,
        0.04982824238829577,
        0.04705417160933175,
        0.04635293100039541,
        0.04540764630288652,
        0.04401752174772637
    ],
    "val_cer": [
        0.3932256748090713,
        0.282501603218096,
        0.1746196000699586,
        0.18485104646417536,
        0.15675100565498745,
        0.1572465457937387,
        0.15667813210517112,
        0.1988573427388795,
        0.15415670728152508,
        0.34572669503876874,
        0.2762344779338891,
        0.15215997201655687,
        0.15769836180260013,
        0.1520433743368507,
        0.1517227307176587,
        0.3111554830058882,
        0.15366116714277386,
        0.20079577916399463,
        0.15310732816416953,
        0.15347169591325133,
        0.15619716667638314
    ],
    "train_wer": [
        0.7306143882373534,
        0.5015128403890875,
        0.4099297341901928,
        0.35878072566327424,
        0.32607336650746416,
        0.29599159810957465,
        0.2712985421719887,
        0.2508064314470756,
        0.23310244805081143,
        0.2139231327048586,
        0.20535870570878448,
        0.1920432097221875,
        0.18342877147358155,
        0.1749018529169063,
        0.17111350053762098,
        0.1649746192893401,
        0.1626741016728764,
        0.156135130404341,
        0.1538846240404091,
        0.15198419644419994,
        0.14858343127203621
    ],
    "val_wer": [
        0.7247426829969524,
        0.6453337933413835,
        0.41113219481340924,
        0.4495428670001725,
        0.3812316715542522,
        0.3800816514289,
        0.3806566614915761,
        0.48594100396756945,
        0.37438905180840665,
        0.7431430050025876,
        0.6202058536024381,
        0.3731240296705192,
        0.3835892128112242,
        0.37266402162037837,
        0.371974009545167,
        0.6428037490656087,
        0.3745615548272095,
        0.48145592547869587,
        0.372721522626646,
        0.3738715427519982,
        0.38157667759185787
    ]
}