{
    "train_loss": [
        3.3019105955970898,
        3.215364957978687,
        3.178259593885019,
        3.165081053546139,
        3.1585694556480903,
        3.152261100264534,
        3.148006305863017,
        3.1459624685090164,
        3.138533558737239,
        3.1362217437128144
    ],
    "val_loss": [
        3.242176437568284,
        3.191101528689295,
        3.153333126665827,
        3.1589009519108755,
        3.1354920274007343,
        3.1440348187368548,
        3.1385881277377496,
        3.121984544152509,
        3.123433078358511,
        3.1287220019304347
    ],
    "train_cer": [
        0.9370383443803846,
        0.918212600175184,
        0.9170163810121452,
        0.9165261272568015,
        0.9159182126001751,
        0.9156763540808722,
        0.9149475101645945,
        0.9143232537161234,
        0.9117118353793257,
        0.9112967538664679
    ],
    "val_cer": [
        0.9196109415031527,
        0.9211297424175015,
        0.9167727781783593,
        0.9175858736173542,
        0.9168188024484911,
        0.9144101989782613,
        0.9132595922249667,
        0.9141493947808478,
        0.9026586686712793,
        0.9149164659497108
    ],
    "train_wer": [
        0.936794671361194,
        0.9344693038348858,
        0.9348371585848102,
        0.9349422599419315,
        0.9355465927453789,
        0.934324789468844,
        0.9346400935402078,
        0.9349028469330111,
        0.9365056426291104,
        0.9357173824507009
    ],
    "val_wer": [
        0.9394015118385707,
        0.9285312675704379,
        0.9342787530455425,
        0.9362778784281877,
        0.9316549009808209,
        0.9384019491472481,
        0.9309677016305367,
        0.9339663897045043,
        0.9343412257137502,
        0.9321546823264821
    ]
}