{
    "n_h": {
        "128": {
            "train_loss": [
                1.8851072075489819,
                0.8007016887988202,
                0.6346617252700085,
                0.5514239966892858,
                0.49214156553008204
            ],
            "val_loss": [
                0.9630415434246654,
                0.7009594108272981,
                0.6073907158159828,
                0.5333032158020136,
                0.5477956851812211
            ],
            "train_cer": [
                0.518484502825542,
                0.22405289597625827,
                0.18067780323507399,
                0.15791658359453392,
                0.14212361787036826
            ],
            "val_cer": [
                0.27367565162695795,
                0.20229200865256278,
                0.17711673289047758,
                0.15372106224015464,
                0.15833883067671017
            ],
            "train_wer": [
                0.7294918282621262,
                0.4904619265331862,
                0.42252614430605917,
                0.3848468127594724,
                0.35730989542277575
            ],
            "val_wer": [
                0.562878740551009,
                0.47060660960829637,
                0.42818766789529583,
                0.38689323421003313,
                0.3978884238145811
            ],
            "epoch_times": [
                1407.409021615982,
                1392.6496896743774,
                1399.2993156909943,
                1404.131752729416,
                1394.4010581970215
            ],
            "total_time": 6997.890837907791
        },
        "256": {
            "train_loss": [
                1.5004423055801732,
                0.7040048604946658,
                0.5699581988900116,
                0.49296054836797415,
                0.44090453095882975
            ],
            "val_loss": [
                0.7896635221107142,
                0.6186945939978044,
                0.5521087586343825,
                0.5195539303190939,
                0.49709228221531754
            ],
            "train_cer": [
                0.4315937756366049,
                0.20310237646220572,
                0.16496001098186358,
                0.14370879758399002,
                0.1304684614605225
            ],
            "val_cer": [
                0.22668487182240768,
                0.17912645935289875,
                0.15801666078578772,
                0.14936409800101252,
                0.14158599634874125
            ],
            "train_wer": [
                0.6638814441116191,
                0.4563429502338536,
                0.39614535708655213,
                0.3568894844710705,
                0.33367491723159387
            ],
            "val_wer": [
                0.49790716561504345,
                0.42781283188604985,
                0.3963890797775973,
                0.38102080339851313,
                0.36940088711188857
            ],
            "epoch_times": [
                1492.9432218074799,
                1494.2585999965668,
                1492.5233874320984,
                1492.0551733970642,
                1492.699247121811
            ],
            "total_time": 7464.47962975502
        },
        "512": {
            "train_loss": [
                1.4105520257031003,
                0.6439233969642412,
                0.5071056859992782,
                0.4330826890675427,
                0.37839234064555444
            ],
            "val_loss": [
                0.7282673785394127,
                0.636796900866689,
                0.5503970324494444,
                0.4998670219835434,
                0.43354429877721345
            ],
            "train_cer": [
                0.4081756052281515,
                0.18772776744596498,
                0.14919972937550455,
                0.12874600845211287,
                0.11402181338022414
            ],
            "val_cer": [
                0.2182317475415369,
                0.1937621772548057,
                0.15603761717012105,
                0.14815212555420892,
                0.12271604559471028
            ],
            "train_wer": [
                0.6407851174523096,
                0.43002785222555046,
                0.3666246255714961,
                0.32962846182143046,
                0.3008040359451364
            ],
            "val_wer": [
                0.48453801461860435,
                0.44536765165240205,
                0.39551446242269006,
                0.37364902855000937,
                0.33010557880927094
            ],
            "epoch_times": [
                1651.3836047649384,
                1651.8635041713715,
                1651.5097620487213,
                1651.7175827026367,
                1651.475344657898
            ],
            "total_time": 8257.949798345566
        },
        "1024": {
            "train_loss": [
                1.3079342484442844,
                0.6033508201032783,
                0.47444832652619207,
                0.39769851964605596,
                0.3387445350268662
            ],
            "val_loss": [
                0.8552914425715819,
                0.5428692767960387,
                0.475451183779822,
                0.4531854902757899,
                0.43131049266168764
            ],
            "train_cer": [
                0.3833291388715481,
                0.17692893492265305,
                0.14074761651070894,
                0.11911399893449776,
                0.1028569187374779
            ],
            "val_cer": [
                0.24414341162573064,
                0.15726493104030193,
                0.13698356933556297,
                0.12796281238973353,
                0.11929490818158109
            ],
            "train_wer": [
                0.6213542487781807,
                0.4142755793788428,
                0.3513847285721793,
                0.3107362446791739,
                0.2769194387513795
            ],
            "val_wer": [
                0.518523146123571,
                0.38758043356031735,
                0.35565690010620354,
                0.3392265883675892,
                0.32004747922783783
            ],
            "epoch_times": [
                2101.5346817970276,
                2098.448376893997,
                2098.6195487976074,
                2097.1337270736694,
                2097.7179894447327
            ],
            "total_time": 10493.454324007034
        }
    }
}