{
    "train_loss": [
        4.275513044291114,
        4.194966612804826,
        4.182697936563462,
        4.096377963924509,
        4.069620344716542,
        4.068013121226859,
        4.067686010033801,
        4.067147703877759,
        4.0659726235142015,
        4.063118583396406
    ],
    "val_loss": [
        4.1603640894005744,
        4.1758074190901375,
        4.082858524937322,
        3.9741146496568307,
        4.04521288948021,
        4.513347424369404,
        3.99220683168376,
        4.001804290563688,
        4.039433202762594,
        4.113864328192807
    ],
    "train_cer": [
        0.999980389529316,
        1.0,
        1.0,
        0.9892240463591527,
        0.9740259315790678,
        0.9717576538032874,
        0.9712543183890652,
        0.9706594674449844,
        0.9697083596168115,
        0.9701822793250076
    ],
    "val_cer": [
        1.0,
        1.0,
        1.0,
        0.9878342512618321,
        0.9275577988125738,
        0.9878342512618321,
        0.9275577988125738,
        0.9878342512618321,
        1.0,
        0.9959038399582714
    ],
    "train_wer": [
        1.0,
        1.0,
        1.0,
        0.987716117504861,
        0.9743549319459772,
        0.9721214987650428,
        0.9723054285564139,
        0.971674812128856,
        0.9707420253297598,
        0.9705318198539072
    ],
    "val_wer": [
        1.0,
        1.0,
        1.0,
        0.9505841194477416,
        0.9786343474729806,
        0.9505841194477416,
        0.9786343474729806,
        0.9505841194477416,
        1.0,
        0.9921909164740426
    ]
}