{
    "train_loss": [
        4.167606955647594,
        4.048416598537617,
        4.0356487190184405,
        4.03327871730275,
        4.007665131395422,
        3.939389900930547,
        3.9253385515243098
    ],
    "val_loss": [
        4.003988725194211,
        4.04751883608767,
        3.9971522698695514,
        3.99841814324714,
        3.9296233188146834,
        3.9038518363985046,
        3.880897653752241
    ],
    "train_cer": [
        1.0000032684117806,
        1.0,
        1.0,
        1.0,
        1.0,
        0.9961661529812819,
        0.985279073339892
    ],
    "val_cer": [
        1.0,
        1.0,
        1.0,
        1.0,
        1.0,
        0.9878342512618321,
        1.0
    ],
    "train_wer": [
        1.0,
        1.0,
        1.0,
        1.0,
        1.0,
        0.9910137159072994,
        0.974433758999422
    ],
    "val_wer": [
        1.0,
        1.0,
        1.0,
        1.0,
        1.0,
        0.9505841194477416,
        1.0
    ]
}