{
    "learning_rate": {
        "24": {
            "train_loss": [
                4.093733697634516,
                4.020719575806747,
                4.010514502695807
            ],
            "val_loss": [
                4.028917819484956,
                4.01296983916184,
                3.9826903313413253
            ],
            "train_cer": [
                0.9999836579410967,
                1.0,
                1.0
            ],
            "val_cer": [
                1.0,
                1.0,
                1.0
            ],
            "train_wer": [
                1.0,
                1.0,
                1.0
            ],
            "val_wer": [
                1.0,
                1.0,
                1.0
            ],
            "epoch_times": [
                180.81355476379395,
                172.1142554283142,
                172.5873007774353
            ],
            "total_time": 525.5151109695435
        },
        "36": {
            "train_loss": [
                4.111272236074935,
                4.0476859262689056,
                4.042608128185654
            ],
            "val_loss": [
                4.054004895693061,
                3.9961525640864184,
                4.122819062294452
            ],
            "train_cer": [
                1.0000065368235613,
                1.0,
                1.0
            ],
            "val_cer": [
                1.0,
                1.0,
                1.0
            ],
            "train_wer": [
                1.0,
                1.0,
                1.0
            ],
            "val_wer": [
                1.0,
                1.0,
                1.0
            ],
            "epoch_times": [
                262.3225495815277,
                262.43643379211426,
                262.5671627521515
            ],
            "total_time": 787.3261461257935
        },
        "48": {
            "train_loss": [
                4.1014185629683215,
                4.039511812798733,
                4.029418994074239
            ],
            "val_loss": [
                4.016229226075668,
                4.03796191682582,
                3.969485021960074
            ],
            "train_cer": [
                1.0000098052353419,
                1.0,
                1.0
            ],
            "val_cer": [
                1.0,
                1.0,
                1.0
            ],
            "train_wer": [
                1.0,
                1.0,
                1.0
            ],
            "val_wer": [
                1.0,
                1.0,
                1.0
            ],
            "epoch_times": [
                228.89084815979004,
                228.7815444469452,
                228.66316151618958
            ],
            "total_time": 686.3355541229248
        },
        "64": {
            "train_loss": [
                4.1027290229667,
                4.043407088223566,
                3.997414959216594
            ],
            "val_loss": [
                4.047473355569225,
                3.9737355915204935,
                3.9109869112913636
            ],
            "train_cer": [
                1.0,
                1.0,
                0.9997908216460375
            ],
            "val_cer": [
                1.0,
                1.0,
                1.0
            ],
            "train_wer": [
                1.0,
                1.0,
                0.9991985916233118
            ],
            "val_wer": [
                1.0,
                1.0,
                1.0
            ],
            "epoch_times": [
                275.478173494339,
                275.082079410553,
                275.5001051425934
            ],
            "total_time": 826.0603580474854
        }
    }
}