{
    "num_filters": {
        "24": {
            "train_loss": [
                1.6598021335907664,
                0.7267651812746322,
                0.5677458087164521,
                0.48276395847791753,
                0.4267166727348833,
                0.379112903668411,
                0.341952643666483,
                0.3064299061659383,
                0.27829786668542367,
                0.2484560854932769
            ],
            "val_loss": [
                0.8590398334063493,
                0.8355070352703184,
                0.5519490292989886,
                0.5107520293001528,
                0.47643310347614765,
                0.4807428860205126,
                0.4730156320058829,
                0.4507110532806753,
                0.4413370405882969,
                0.4311716353500282
            ],
            "train_cer": [
                0.4952787791828317,
                0.21511052134436312,
                0.16883961576551107,
                0.1447644945891443,
                0.12840609362692387,
                0.11579329256534372,
                0.10636392457812975,
                0.09673191506051465,
                0.08996957108632202,
                0.08175605228151485
            ],
            "val_cer": [
                0.25844161821333783,
                0.2396023503060614,
                0.16094687265084454,
                0.14833622263473606,
                0.13615513247319086,
                0.1386557844836844,
                0.1357409140420048,
                0.12796281238973353,
                0.12262399705444671,
                0.11714710890876455
            ],
            "train_wer": [
                0.6985127962583425,
                0.4653292343265542,
                0.3967496978296285,
                0.3545246728677282,
                0.32618634715434336,
                0.3017499605864733,
                0.2834358085028115,
                0.26439907509590627,
                0.24952703767933154,
                0.23227705081717379
            ],
            "val_wer": [
                0.5338914225026551,
                0.5198975448241394,
                0.3925157743487224,
                0.37140001249453364,
                0.3502217779721372,
                0.3569063534703567,
                0.35378272005997374,
                0.3369150996439058,
                0.33085525082776285,
                0.31723620915849315
            ],
            "epoch_times": [
                353.7150592803955,
                353.39387583732605,
                354.3188281059265,
                355.84068989753723,
                356.6998932361603,
                352.4336154460907,
                350.2140443325043,
                355.43209290504456,
                354.3774025440216,
                351.29811358451843
            ],
            "total_time": 3537.723615169525
        },
        "36": {
            "train_loss": [
                1.5336147719815953,
                0.709632001793723,
                0.5729724421094394,
                0.49655675768350827,
                0.44467330314649894,
                0.4018928310260976,
                0.36747071164435896,
                0.33519852433420255,
                0.3040415937184786,
                0.27423757311038977
            ],
            "val_loss": [
                0.7921310271044354,
                0.6868309119602779,
                0.556286867774956,
                0.5318143553399183,
                0.493315448835641,
                0.4554741444023369,
                0.46504471171554274,
                0.4502104365794392,
                0.428375171831475,
                0.42683333204826573
            ],
            "train_cer": [
                0.4461153291780925,
                0.2041123157024307,
                0.16653865387192401,
                0.14602936994826105,
                0.13137707993554693,
                0.11981343905555973,
                0.111148879425021,
                0.10311185485636964,
                0.09538532940688131,
                0.08788432437025875
            ],
            "val_cer": [
                0.23133332310571775,
                0.19931577251737417,
                0.16126904254176702,
                0.15404323213107712,
                0.1402973167850513,
                0.12966571038460947,
                0.13549545126796864,
                0.12685822990657072,
                0.11992390654004878,
                0.11759201018670512
            ],
            "train_wer": [
                0.671475116926796,
                0.45621157181144567,
                0.3982999632140417,
                0.3624467917389248,
                0.336552104682327,
                0.3138104997635188,
                0.2953518314152084,
                0.2799411424667613,
                0.2639655263019602,
                0.24708339902254453
            ],
            "val_wer": [
                0.5069032298369464,
                0.4586118573124258,
                0.40163678390704066,
                0.38758043356031735,
                0.3645280189916911,
                0.34559880052477043,
                0.3529081027050665,
                0.337977135003436,
                0.3246079840069969,
                0.3199225338914225
            ],
            "epoch_times": [
                588.0908844470978,
                588.2511601448059,
                589.3551986217499,
                587.7460899353027,
                589.0503361225128,
                592.1170837879181,
                594.8571815490723,
                596.8552446365356,
                593.7957305908203,
                584.4413068294525
            ],
            "total_time": 5904.560216665268
        },
        "48": {
            "train_loss": [
                1.5440290155533611,
                0.7110787671462845,
                0.5684545949751709,
                0.5004243441106268,
                0.44302370921169043,
                0.40267026310259735,
                0.3674047837599908,
                0.3340877970717808,
                0.30712346709426397,
                0.2763948932149057
            ],
            "val_loss": [
                1.0858825490727173,
                0.6394106819481402,
                0.5498932880739291,
                0.49728410441863846,
                0.4936811980734636,
                0.4721042519411096,
                0.4640228516970213,
                0.44114401150349675,
                0.45255764692344447,
                0.4387807536713935
            ],
            "train_cer": [
                0.44288286992701636,
                0.203497854287666,
                0.16463970662735858,
                0.14553910818116153,
                0.13062207681421367,
                0.11967943417255253,
                0.11062920195189552,
                0.1021149892632673,
                0.09537552417153933,
                0.08773397742834824
            ],
            "val_cer": [
                0.31219796572726016,
                0.18830063053250082,
                0.1583695135234647,
                0.14335026003712625,
                0.1409723394136508,
                0.1346056487120875,
                0.13132258410935366,
                0.12012334504395318,
                0.12009266219719866,
                0.12326833683629167
            ],