{
    "optimizer_with_lr": {
        "Adam_lr_0.0001": {
            "train_loss": [
                2.9749928443464446,
                2.2271375028994305,
                1.8601326611797893,
                1.5897149148454928,
                1.3360522085450175,
                1.103923526798795,
                0.9260484629695536,
                0.7993661363723714,
                0.7023839203274557,
                0.6221742286941293
            ],
            "val_loss": [
                2.4701055829254526,
                2.013475555738528,
                1.7304425818630602,
                1.5082965106710322,
                1.2928246580797813,
                1.0798119042424308,
                0.9531861600623853,
                0.8849096241398253,
                0.8226103279804778,
                0.7749096082671472
            ],
            "train_cer": [
                0.8907878051012538,
                0.8373566824855212,
                0.8678275875593207,
                0.9346655162045208,
                1.0044874560405799,
                0.8620556666797401,
                0.7308278098076898,
                0.5636349374436208,
                0.33296074047927204,
                0.3435110012942699
            ],
            "val_cer": [
                0.8864427841615145,
                0.935918874553181,
                0.7719650829203933,
                0.9423009066781216,
                0.9350290719972999,
                0.678290351778838,
                0.8333768006995689,
                0.36216498166699906,
                0.33519475936977433,
                0.6201003329088873
            ],
            "train_wer": [
                0.9245766385958458,
                0.9052905395640921,
                0.9866652653152383,
                0.987545489181129,
                0.9830918191731151,
                0.9735670086839996,
                0.9536897145184388,
                0.8629346926442187,
                0.633577256066319,
                0.6852739861003455
            ],
            "val_wer": [
                0.9628912350846505,
                0.9838820516024239,
                0.9847566689573312,
                0.9905666271006435,
                0.9853813956394077,
                0.9635784344349347,
                0.9671393765227713,
                0.6607109389642032,
                0.6672705691260074,
                0.9474604860373587
            ]
        },
        "Adam_lr_0.001": {
            "train_loss": [
                2.2594444735475143,
                1.195079672313075,
                0.9252546296949516,
                0.8295088395182548,
                0.7492264324667952,
                0.6895405759045817,
                0.6595855910634596,
                0.6094072430107652,
                0.6096052804570077,
                0.6230646377164952
            ],
            "val_loss": [
                1.4463146129201376,
                1.0458741574466734,
                0.9797515711304488,
                0.918659409926064,
                0.905572569510643,
                0.8887981247000475,
                0.8882679477378703,
                0.884806450501062,
                0.9972010971396521,
                0.9016860457344809
            ],
            "train_cer": [
                0.8452791831718764,
                0.46651893686838974,
                0.29369795139297433,
                0.44827496045286375,
                0.2685512021022081,
                0.25137271051496257,
                0.42880208129060937,
                0.22264710881018682,
                0.2087533173837445,
                0.247797126459322
            ],
            "val_cer": [
                0.6775539634567295,
                0.3050488624334566,
                0.3030391359710354,
                0.25092432075848,
                0.33964377214918,
                0.4099535154871669,
                0.37365570777656754,
                0.2403080557814154,
                0.2368102112513999,
                0.24452694721016216
            ],
            "train_wer": [
                0.9537422651969993,
                0.7577939225140244,
                0.5772560663189563,
                0.7688164273421181,
                0.5894215484057438,
                0.5526229357436578,
                0.8187001589658026,
                0.5043551374857128,
                0.4761616984379311,
                0.5665357278925864
            ],
            "val_wer": [
                0.9787592928093959,
                0.5829949397138752,
                0.6238520647216843,
                0.5232710689073531,
                0.7280564752920597,
                0.9307802836259137,
                0.8708689948147685,
                0.5133379146623352,
                0.5102142812519522,
                0.5232085962391454
            ]
        },
        "SGD_lr_0.0001": {
            "train_loss": [
                3.8014544238051404,
                3.5191849010850604,
                3.4472810344114415,
                3.406025988496566,
                3.35082350634626,
                3.305332317888799,
                3.25282968441896,
                3.2045269601477937,
                3.1491341800719783,
                3.114949233812739
            ],
            "val_loss": [
                3.5540130576868165,
                3.4464341882822933,
                3.4211473545987627,
                3.3574141188301723,
                3.2996411473676,
                3.2694405302412806,
                3.209159798410045,
                3.1657315313309686,
                3.0977664725414695,
                3.098354150509012
            ],
            "train_cer": [
                1.0010622164699114,
                1.0,
                0.9999673164163104,
                0.9955256173928959,
                0.986400360826764,
                0.9188793452824515,
                0.8946836882770522,
                0.895490972794185,
                0.8972853015387431,
                0.8977690185773489
            ],
            "val_cer": [
                1.0,
                1.0,
                1.0,
                0.9997238543792093,
                0.9742264087262016,
                0.9026279858245247,
                0.9142721261678659,
                0.8727275516622433,
                0.8729423315895248,
                0.8837887179172483
            ],
            "train_wer": [
                1.0,
                1.0,
                0.9999605869910795,
                0.999671558258996,
                0.9980424872236163,
                0.9996846959286362,
                0.998686233035984,
                0.9980819002325367,
                0.9972936400541272,
                0.9949025841796182
            ],
            "val_wer": [
                1.0,
                1.0,
                1.0,
                1.0,
                0.9955019678890485,
                0.9981882926219778,
                0.9990629099768851,
                0.9988130193040545,
                0.9984381832948085,
                0.9677641032048478
            ]
        },
        "SGD_lr_0.001": {
            "train_loss": [
                3.458421854378673,
                3.241010140069025,
                3.2682353481885387,
                3.130157945935784,
                2.8826360002301095,
                2.623095830582419,
                2.3571783818970466,
                2.6089420754074673,
                2.921409378054265,
                2.383652414207579
            ],