{
    "train_loss": [
        1.7813678682414515,
        0.6494659269238371,
        0.4636680362148741,
        0.3663034814138643,
        0.2974474571159523,
        0.24257534715248083,
        0.19814802570901144,
        0.15956681746133572,
        0.131365046681705,
        0.1082550659822251
    ],
    "val_loss": [
        0.9744046302168043,
        0.7730201386607491,
        0.4832793866078575,
        0.7131525056509228,
        0.4234870005153365,
        0.4195809333085582,
        0.4141217024260006,
        0.41822019514937575,
        1.4405822927629077,
        0.45795608829282647
    ],
    "train_cer": [
        0.5892292758180018,
        0.1942155648305819,
        0.13763935690729803,
        0.11078608571736737,
        0.09240126945113561,
        0.07778493196800879,
        0.06703839403318745,
        0.057037053984357385,
        0.050075336891544295,
        0.04471187315947562
    ],
    "val_cer": [
        0.2973628093214488,
        0.18879155608057316,
        0.13784268904468958,
        0.16482825276529156,
        0.11549023518402038,
        0.11710108463863277,
        0.1071138180200359,
        0.10438304465888346,
        0.22760535722504335,
        0.10436770323550619
    ],
    "train_wer": [
        0.7074728046665616,
        0.4242603394818435,
        0.3371958589521257,
        0.2887434967680908,
        0.2520626412318041,
        0.2225681854012297,
        0.1999185453781071,
        0.17561353723264492,
        0.15997950496610436,
        0.14673655998738766
    ],
    "val_wer": [
        0.5523833322921222,
        0.44536765165240205,
        0.348972324607984,
        0.41663022427687885,
        0.3058661835446992,
        0.30898981695508215,
        0.29274692322109075,
        0.2835634409945649,
        0.5753732741925408,
        0.2862497657274942
    ]
}