{
    "train_loss": [
        1.301160747495986,
        0.6140593871442929,
        0.48404199656032487,
        0.4049712236622029,
        0.3433320183232505,
        0.2936916144962347,
        0.24774847935520888,
        0.2095251977316385,
        0.17083075971809752,
        0.14209894419586055,
        0.1179649801158026,
        0.09762118533420153,
        0.08473144828079447,
        0.07445156192950528,
        0.06619860182740783,
        0.057687984545373376,
        0.053889373596090494,
        0.047016914794527555,
        0.040848458581830525,
        0.03733146166144985,
        0.03362069628328735,
        0.030531402736135683,
        0.027355874547049706,
        0.023744080561804697,
        0.022329756313896117,
        0.020153977990714594
    ],
    "val_loss": [
        0.8115571007117643,
        0.561690741485649,
        0.5116378857003344,
        0.5009729153626449,
        0.4284730412505128,
        0.7521688290439047,
        0.4183054620150726,
        0.4250924137149278,
        0.40777929148894476,
        0.521011086225465,
        0.45368546695582435,
        0.4628813608617454,
        0.4996379390545003,
        0.5249226833465737,
        0.6754028906507955,
        0.5093118588637363,
        0.5485856644126571,
        0.5626438492470045,
        0.6175272950769303,
        0.5903566361363204,
        0.61369180843803,
        0.6375660286166358,
        0.6268314073142781,
        0.6375899044982322,
        0.6499874937404124,
        0.650840434941495
    ],
    "train_cer": [
        0.37750482907840593,
        0.17884095581434115,
        0.14294725763909544,
        0.12129402959220026,
        0.10426887262672449,
        0.09131288832817469,
        0.08002379403776323,
        0.07033622151987684,
        0.06012570311708432,
        0.05281426596374024,
        0.046869024934713475,
        0.04203177549933161,
        0.03867184818880961,
        0.03624341823577669,
        0.034426181285727823,
        0.03251089198225906,
        0.031585931448331314,
        0.030559650149202998,
        0.02942551126131279,
        0.028807781434767404,
        0.028121414960828085,
        0.02764095842907056,
        0.026964397190473232,
        0.026673508541994188,
        0.026415304011321777,
        0.025983873656274206
    ],
    "val_cer": [
        0.2543761410183637,
        0.1599803629780771,
        0.15040731479066627,
        0.13259592224966632,
        0.11966310234263534,
        0.17134835770062745,
        0.11380267861252168,
        0.11061166255005139,
        0.10603991838362763,
        0.13422211312765597,
        0.10662289247196355,
        0.10777349922525811,
        0.11194636638387309,
        0.11056563827991961,
        0.13902397864473867,
        0.10491999447708758,
        0.11025880981237439,
        0.10636208827455011,
        0.11254468189558628,
        0.10702176947977234,
        0.10892410597855269,
        0.11093383244097388,
        0.11016676127211082,
        0.10841783900710308,
        0.1085252289707439,
        0.10949173864351135
    ],
    "train_wer": [
        0.6204083241368438,
        0.4176782805192075,
        0.3566924168374586,
        0.31559724630826635,
        0.28113668611067316,
        0.254637658310999,
        0.23070050974827894,
        0.20897051868201166,
        0.18536181617531136,
        0.16765200483472595,
        0.15376530558621052,
        0.14081139313679122,
        0.13260024173629723,
        0.12600504493142045,
        0.12164328130747806,
        0.11638814441116191,
        0.11428608965263545,
        0.11098849125019707,
        0.10767775500551789,
        0.10590414630301119,
        0.10389405644017026,
        0.10235692889799779,
        0.09979504966104367,
        0.09870460875505807,
        0.09831047348783435,
        0.09676020810342109
    ],
    "val_wer": [
        0.517586056100456,
        0.39732616980071217,
        0.37933404135690635,
        0.35272068470044354,
        0.32554507403011185,
        0.45904916598987944,
        0.31142625101518084,
        0.30517898419441497,
        0.29568313862685075,
        0.3577184981570563,
        0.30074342475167115,
        0.3021802961204473,
        0.30942712563253577,
        0.30655338289498346,
        0.38120822140313615,
        0.2955581932904354,
        0.3037421128256388,
        0.29643281064534266,
        0.31042668832385834,
        0.2956206659586431,
        0.30036858874242517,
        0.3061785468857375,
        0.3069282189042294,
        0.30149309677016306,
        0.3013056787655401,
        0.30286749547073155
    ]
}