{
    "train_loss": [
        1.8170574936378512,
        0.7643897345912704,
        0.5564145025712319,
        0.4610937543791815,
        0.391077464259007,
        0.3405421585051922,
        0.2957180860812674,
        0.25965593940630327,
        0.22575555222454577,
        0.2003890628611967,
        0.17881713291777365,
        0.1608314094065557,
        0.14577066230570074,
        0.13207049561347436,
        0.12174347671388765,
        0.1134258144747808,
        0.10388129013523861
    ],
    "val_loss": [
        0.9855952987722254,
        0.7192808210262457,
        0.6116110606880485,
        0.5733098600518153,
        0.5492059291049319,
        0.5512985705641738,
        0.5803501976324855,
        0.5724495693317364,
        0.5923163796545413,
        0.6005852194399446,
        0.6017614061050851,
        0.6402311290685639,
        0.6639259200879607,
        0.7020682223997182,
        0.6893571299480036,
        0.7290508556811397,
        0.7457844852704613
    ],
    "train_cer": [
        0.5720375185449073,
        0.22983038928112073,
        0.16690570705061178,
        0.1389302711489052,
        0.1208433961623994,
        0.10770388602554494,
        0.09606339042543019,
        0.08776020702439445,
        0.07945702362335871,
        0.0738588520509665,
        0.06899785017874052,
        0.06411217317010731,
        0.06005311323111658,
        0.05661093170230682,
        0.054214359078753785,
        0.05394293257827416,
        0.04976975013339996
    ],
    "val_cer": [
        0.28569561049298436,
        0.2091915289196177,
        0.16372774017372105,
        0.15508526276036372,
        0.14467071434796502,
        0.14179473026755368,
        0.15136681869680155,
        0.14504836882317054,
        0.14069081718618365,
        0.14083606890741654,
        0.13620253900008716,
        0.1362751648607036,
        0.14028411236673155,
        0.1431600964471429,
        0.13819248758097782,
        0.13899137204775877,
        0.1446997646922116
    ],
    "train_wer": [
        0.7568566256787965,
        0.48898320953748203,
        0.39518132451157856,
        0.34728169277822857,
        0.3151988015729355,
        0.289582423069721,
        0.2661881280818925,
        0.24842394357405906,
        0.23060982460520565,
        0.21916234941639098,
        0.2100243430497472,
        0.1971287684913551,
        0.1883403033518507,
        0.17931464952250173,
        0.17367205542725173,
        0.17497035141376943,
        0.16379751576056426
    ],
    "val_wer": [
        0.556650810934724,
        0.45435268496761994,
        0.3819130036105221,
        0.3697633102183506,
        0.35377385523525706,
        0.351022981259671,
        0.36678319674479914,
        0.35125222075763657,
        0.3465528110493438,
        0.3462089518023955,
        0.3367528225113187,
        0.3383001891225858,
        0.34735514929222305,
        0.35004871339331767,
        0.3410510630981718,
        0.34575047280646454,
        0.3518826293770417
    ]
}