{
    "img_height": {
        "16": {
            "train_loss": [
                2.353500358498306,
                1.4991093234886392,
                1.1763636682928502,
                1.007822662799267,
                0.9020121381191878,
                0.8305963895463799,
                0.7780445781354007,
                0.7357710308178874,
                0.7037638088512933,
                0.6739342193970521
            ],
            "val_loss": [
                1.7186590258858407,
                1.33627253360739,
                1.1795717576718407,
                1.0891750932241748,
                1.0480609945927284,
                1.0182326346487285,
                1.0121448468468148,
                0.9867631462236182,
                0.9728314002479003,
                0.993556989824244
            ],
            "train_cer": [
                0.7782198739717407,
                0.5741595802759297,
                0.5004117663387958,
                0.5162532039122428,
                0.567380086548041,
                0.5761767726772214,
                0.6189696279914747,
                0.6319888468383439,
                0.6509701955196121,
                0.650649418746318
            ],
            "val_cer": [
                0.6347790721320048,
                0.5115475118380153,
                0.5178804868837695,
                0.5318972779827441,
                0.6406327164976905,
                0.622752229613921,
                0.6647154518781048,
                0.5971588763326845,
                0.6674461842372832,
                0.8368968422275804
            ],
            "train_wer": [
                0.8143436739279696,
                0.6699831471194058,
                0.6301604144560264,
                0.6317832844391735,
                0.6743524124586481,
                0.6666125710005618,
                0.7099806503963548,
                0.7140128581237126,
                0.7364084638911429,
                0.7216028961987392
            ],
            "val_wer": [
                0.7012436242764628,
                0.6321852255143561,
                0.625594589947848,
                0.6406097770645882,
                0.7189523754942977,
                0.7027336810132386,
                0.7407301278010201,
                0.683993352054559,
                0.7333944638661242,
                0.7774657573499913
            ]
        },
        "32": {
            "train_loss": [
                2.4561494661749697,
                1.5176491520622915,
                1.1422952727394566,
                0.9474245289759003,
                0.825012368548529,
                0.7376896102202135,
                0.6732064240715291,
                0.6204705677575154,
                0.5780230555540996,
                0.5406032966501597
            ],
            "val_loss": [
                1.8179831697582503,
                1.478352152141482,
                1.1650523068750402,
                1.0345020180928335,
                0.9685122628195175,
                0.9834396784227106,
                0.9522436140327075,
                0.9503028060307028,
                0.9616259229151783,
                0.9549641071517434
            ],
            "train_cer": [
                0.7866803613673727,
                0.5561097179940347,
                0.4558176260668141,
                0.4337919824313029,
                0.501568413357885,
                0.5522172152257929,
                0.6016168383130843,
                0.6469604858534359,
                0.6604269415476862,
                0.6997159274921116
            ],
            "val_cer": [
                0.6574092903000901,
                0.5192168027191122,
                0.44974290445341775,
                0.5081776719054121,
                0.5069575574470557,
                0.5055921912674666,
                0.6861836562763268,
                0.683685326671121,
                0.7382709235104435,
                0.7329837608575661
            ],
            "train_wer": [
                0.8238187379064977,
                0.6699082454278759,
                0.6057174957867798,
                0.575182572873104,
                0.5998127457711754,
                0.6290493726983334,
                0.6638412084139567,
                0.719430747144373,
                0.7130016852880594,
                0.7535359840209724
            ],
            "val_wer": [
                0.7230786864576767,
                0.661069402258009,
                0.5999770760502035,
                0.601753682159436,
                0.5885151011519285,
                0.599289357556307,
                0.7221044185913232,
                0.741016677173477,
                0.742850593157201,
                0.7786692647143103
            ]
        },
        "64": {
            "train_loss": [
                2.7089909429786254,
                1.72555701964074,
                1.3219170962199032,
                1.1118084565813777,
                0.9761248838534649,
                0.8750502838556625,
                0.7920042584837451,
                0.7221647943770193,
                0.6641597261540308,
                0.6087332337541576
            ],
            "val_loss": [
                2.0126470908228953,
                1.5092066968650335,
                1.2936233284513574,
                1.1593744442324427,
                1.1754173688389067,
                1.0785430757940075,
                1.0518469278769795,
                1.0399784996019767,
                1.0511310064446395,
                1.0468002446388482
            ],
            "train_cer": [
                0.8313824553611361,
                0.6428767507780379,
                0.6630178308704463,
                0.7084879384848849,
                0.6962213112984366,
                0.6491318978572729,
                0.654375364343811,
                0.5910404579705317,
                0.5306974118866301,
                0.5453636960886824
            ],
            "val_cer": [
                0.7195915521598931,
                0.5659152310954885,
                0.694666356796328,
                0.6922987537402319,
                0.7025825756035209,
                0.6301164918804287,
                0.6231008337448799,
                0.5949074746535746,
                0.5050402347267815,
                0.6555936437846789
            ],
            "train_wer": [
                0.8696086386617564,
                0.7221521752699582,
                0.8369015666937145,
                0.9749329005680045,
                0.9502278259784034,
                0.8922788839647962,
                0.9289182947381561,
                0.6916796704325573,
                0.614668247924599,
                0.6189875788028213
            ],
            "val_wer": [
                0.778783884463293,
                0.6705828414235773,
                0.9158117943721703,
                0.967447991288899,
                0.9888818843486733,
                0.8368387873230557,
                0.789328901369706,
                0.6481746804974498,
                0.6220986876038741,
                0.6985500601753682
            ]
        },
        "96": {
            "train_loss": [
                3.5567819147253874,
                3.0137969314647046,
                2.927850040207378,
                3.017823776466955,
                3.2997184206756183,
                3.1103731844184113,
                2.929868944328752,
                2.813011909596068,
                2.7275261405370026,
                2.64975674297336
            ],