{
    "batch_size": {
        "4": {
            "train_loss": [
                2.386922784711716,
                1.5293405784443506,
                1.1938922561432546,
                1.0194124120397021,
                0.906577257185865
            ],
            "val_loss": [
                1.8080881768579284,
                1.3841874862299797,
                1.2528793541123266,
                1.1096163049486254,
                1.043593547657882
            ],
            "train_cer": [
                0.7717364818807388,
                0.5859265359501316,
                0.5394077350383852,
                0.5244515179835478,
                0.5635523560128681
            ],
            "val_cer": [
                0.6316125846091276,
                0.5616303053191181,
                0.5658716555791186,
                0.5577375591900764,
                0.6048281672137815
            ],
            "train_wer": [
                0.8110479995006554,
                0.6831034267523874,
                0.6482491729604893,
                0.6197865301791399,
                0.6221459334623307
            ],
            "val_wer": [
                0.7060003438592469,
                0.6640495157315606,
                0.6484612298699066,
                0.6199782222476933,
                0.6358530574818041
            ]
        },
        "8": {
            "train_loss": [
                2.591556172612474,
                1.6253992861403312,
                1.209970739559173,
                1.014647915635145,
                0.896901817730651
            ],
            "val_loss": [
                2.0151696836833666,
                1.4344097646320364,
                1.1757081494018722,
                1.1216409272154901,
                1.039116113075319
            ],
            "train_cer": [
                0.8055753470712155,
                0.5932550514630813,
                0.48490035871479553,
                0.45629879122675526,
                0.4404049189884428
            ],
            "val_cer": [
                0.6812160474101618,
                0.5269441942887023,
                0.47259100020335243,
                0.45468146297533624,
                0.4977776486651367
            ],
            "train_wer": [
                0.8386492728294114,
                0.688995693152737,
                0.6280506834779352,
                0.6204731290181636,
                0.6098620560514325
            ],
            "val_wer": [
                0.7371196057080635,
                0.6596366553957247,
                0.6188320247578658,
                0.6043899363860393,
                0.6419852140523812
            ]
        },
        "16": {
            "train_loss": [
                2.9021442668329325,
                1.9021031215703554,
                1.4899762901816247,
                1.2073581045051274,
                1.0251275417830448
            ],
            "val_loss": [
                2.183695892146921,
                1.7281126204594683,
                1.4172760584177388,
                1.228528826445423,
                1.1307323399647784
            ],
            "train_cer": [
                0.8636513649977021,
                0.6831434890026001,
                0.5482321806960239,
                0.4730747995916265,
                0.43336633632827803
            ],
            "val_cer": [
                0.7486418964064724,
                0.6117421491444673,
                0.5201899892513726,
                0.4792144786915725,
                0.4263573773349214
            ],
            "train_wer": [
                0.8863241994881718,
                0.7331377566943387,
                0.6487235503401785,
                0.5981274577117534,
                0.5733225142001124
            ],
            "val_wer": [
                0.7850879706573443,
                0.6958564960742736,
                0.6334460427531664,
                0.5984870193134277,
                0.5757923090148432
            ]
        },
        "32": {
            "train_loss": [
                3.0112183461848687,
                2.0283690179280525,
                1.5450242915265946,
                1.2448136873430105,
                1.0505500726348205
            ],
            "val_loss": [
                2.44877082939113,
                1.7868104430782052,
                1.4220558613429577,
                1.281723821119511,
                1.13107360293577
            ],
            "train_cer": [
                0.8770715548111889,
                0.7172877090061164,
                0.5764913806664137,
                0.4855912625341982,
                0.4552315915771422
            ],
            "val_cer": [
                0.7928274700055196,
                0.6401824361618685,
                0.5142491938529472,
                0.46062225837376175,
                0.47144351160561254
            ],
            "train_wer": [
                0.8960863866175645,
                0.7637850321453092,
                0.6635291180325822,
                0.6228075650708446,
                0.6051931839460708
            ],
            "val_wer": [
                0.8385007736833057,
                0.7033067797581524,
                0.6442202991575449,
                0.6250214912029343,
                0.6127571780617801
            ]
        }
    }
}