{
    "train_loss": [
        2.231421333561433,
        1.004872584688854,
        0.7105244052156969,
        0.5688521125744731,
        0.4763717515170073,
        0.40651210676643706,
        0.35480083593169714,
        0.31792053525297703,
        0.2908907498102212,
        0.27217702234212443
    ],
    "val_loss": [
        1.3544943427849196,
        0.9037541543652198,
        0.7666401671851705,
        0.7371970801177377,
        0.7281809088638324,
        0.7161274347714559,
        0.7475010718994155,
        0.7737138072315031,
        0.8025046175721282,
        0.825542664054982
    ],
    "train_cer": [
        0.6947353283392818,
        0.3124125714136304,
        0.35504503797832426,
        0.17016054176308323,
        0.2160907819220562,
        0.12132473101410624,
        0.10703219986665098,
        0.09909662574681989,
        0.08927194048973082,
        0.0837124629041325
    ],
    "val_cer": [
        0.4305263642360738,
        0.2617553656628262,
        0.21384410045564028,
        0.20025159934338707,
        0.19233542488072045,
        0.18489483454274888,
        0.1894052130156636,
        0.1869352438519246,
        0.19551109951981344,
        0.18965067578969977
    ],
    "train_wer": [
        0.7858822602046849,
        0.562620702339819,
        0.6210045062206866,
        0.3900836869556078,
        0.49920517098677036,
        0.30631790532995257,
        0.28173732543321467,
        0.26669469369523235,
        0.24802606513656608,
        0.23835674028140888
    ],
    "val_wer": [
        0.6545886174798525,
        0.5153370400449803,
        0.45292684450552884,
        0.44399325295183356,
        0.4258761791716124,
        0.41956643968263885,
        0.4254388704941588,
        0.4205035297057537,
        0.4309364652964328,
        0.42812519522708814
    ]
}