{
    "train_loss": [
        1.952280216312308,
        1.0796208277485724,
        0.9087416775281748,
        0.8109616934501034,
        0.7488300201895359,
        0.6964189834602874,
        0.6574352067312544,
        0.6245989565217532,
        0.5987998437743584,
        0.5716989734822142,
        0.5512670683951658,
        0.5365611105953607,
        0.5185908337896367,
        0.5025442876548484,
        0.4852542127462028,
        0.4682047342370361,
        0.457032199536933
    ],
    "val_loss": [
        0.9602921230720354,
        0.709414756150691,
        0.617953678364163,
        0.6081576233098914,
        0.5216727261575727,
        0.49023231168786485,
        0.46900452131760884,
        0.4476097564433481,
        0.4368032632483082,
        0.4273768469791759,
        0.4107981280123184,
        0.4170254598149321,
        0.40596574295654553,
        0.40053119365177997,
        0.4157871681113879,
        0.4124209622598507,
        0.4140450112655625
    ],
    "train_cer": [
        0.5808478391548467,
        0.3225632138335017,
        0.27182587898243954,
        0.24239963165232073,
        0.22479760062414467,
        0.2084393825060432,
        0.1971555373655467,
        0.18737449959711971,
        0.17915382352565004,
        0.1722536994641053,
        0.1647812296161766,
        0.1608771279112896,
        0.15559811733408366,
        0.15035108138181538,
        0.14586823896555692,
        0.1410272807499968,
        0.13852366761737886
    ],
    "val_cer": [
        0.2776535558323454,
        0.20329546648258476,
        0.1775890271170671,
        0.172336689826973,
        0.14125785974758767,
        0.13500007503338987,
        0.12446538709725828,
        0.11492113990725873,
        0.1099089094647118,
        0.11103441031258911,
        0.10368113810645738,
        0.10495670573405165,
        0.09919414139291985,
        0.09853384756216517,
        0.10028962888485377,
        0.1024205771568348,
        0.1017302699701367
    ],
    "train_wer": [
        0.7573177781281203,
        0.5605523148878029,
        0.4994613484681276,
        0.4592069998423459,
        0.43223500972200324,
        0.40814020705239373,
        0.3893268169635819,
        0.37343002785222557,
        0.3614614535708655,
        0.3501629092437858,
        0.3365126911556046,
        0.3300751484576173,
        0.3205370749908035,
        0.3104734878343581,
        0.3033659151820905,
        0.29477376635661356,
        0.2893346996689264
    ],
    "val_wer": [
        0.5458861747985256,
        0.4476166677078778,
        0.40594739801336915,
        0.39907540451052664,
        0.34628599987505465,
        0.3310426688323858,
        0.3109889423377272,
        0.2925595052164678,
        0.28525020303617166,
        0.2818142062847504,
        0.2677578559380271,
        0.26913225463859564,
        0.25607546698319483,
        0.2560129943149872,
        0.26375960517273694,
        0.26482164053226714,
        0.2618229524582995
    ]
}