{
    "train_loss": [
        2.532654057134464,
        1.2624523341593055,
        0.7415510691772876,
        0.5929991553375962,
        0.5117696613096853,
        0.4580526515817981,
        0.41729970358353263,
        0.38285548664750896,
        0.35812933200203495,
        0.33385960713310947
    ],
    "val_loss": [
        1.7406517779273072,
        0.8950837026836573,
        0.6511446872632066,
        0.5647116049459536,
        0.5383938952800127,
        0.5175946787514466,
        0.49379698905455266,
        0.5067232858463153,
        0.47933028647299114,
        0.49620438015404
    ],
    "train_cer": [
        0.800881817498423,
        0.4120911625413863,
        0.2219120862599237,
        0.17606280580077724,
        0.15331139139557914,
        0.13889115861929213,
        0.127958321212973,
        0.11768243457456717,
        0.11182544066361833,
        0.10578214728117166
    ],
    "val_cer": [
        0.6125063283371431,
        0.277618397434914,
        0.19182915790927083,
        0.16421459583020112,
        0.155976251476612,
        0.14586625347099705,
        0.1416780448890048,
        0.1403126582084286,
        0.13353174907567925,
        0.13698356933556297
    ],
    "train_wer": [
        0.8467207945766987,
        0.6339008881181355,
        0.4693756897367176,
        0.40371275421724734,
        0.36630931735771716,
        0.3422013768458668,
        0.32237637290451415,
        0.30383887750275895,
        0.29205423301277,
        0.27956014504177834
    ],
    "val_wer": [
        0.7254950958955457,
        0.5432623227338039,
        0.43974511151371276,
        0.3947023177359905,
        0.38258262010370464,
        0.365465109014806,
        0.35703129880677204,
        0.36177922159055415,
        0.3422252764415568,
        0.35090897732242143
    ]
}