{
    "train_loss": [
        1.7128231409972399,
        0.6829608919069594,
        0.506751692804315,
        0.4099050864075887,
        0.34157713788603633,
        0.28690729761764516,
        0.24036900968448535,
        0.2018396304038938,
        0.16960683540175703,
        0.14365455834694466
    ],
    "val_loss": [
        0.8746366443244609,
        1.425031117328278,
        0.5267584531583808,
        0.47229432010582156,
        0.509198902437201,
        0.4737348028018579,
        0.4315628096932074,
        0.4314390342174606,
        0.44495667084273727,
        0.47050356370797913
    ],
    "train_cer": [
        0.5539238917632755,
        0.2089299546671286,
        0.15297801339395148,
        0.12581097467307711,
        0.10689340728659723,
        0.09256469004016878,
        0.08012838321474446,
        0.07046042116754206,
        0.06254105942299458,
        0.0554714847414196
    ],
    "val_cer": [
        0.2790451498089993,
        0.23510731325652395,
        0.160149118635227,
        0.13600171823941826,
        0.14080358375650093,
        0.13274933648343892,
        0.1221177300829971,
        0.11498396821257076,
        0.11380267861252168,
        0.11668686620744673
    ],
    "train_wer": [
        0.6997214777444952,
        0.446542119922224,
        0.36554732250775135,
        0.3168453413211414,
        0.28192495664512063,
        0.25320563350675285,
        0.2279152871932314,
        0.20663198276315098,
        0.18906668768721424,
        0.17376110147669346
    ],
    "val_wer": [
        0.5317673517835947,
        0.5431373773973887,
        0.38301992878115826,
        0.34522396451552445,
        0.3562191541200725,
        0.3400387330542887,
        0.3224839132879365,
        0.31036421565565064,
        0.30574123820828386,
        0.3123008683700881
    ]
}