{
    "hidden_size": {
        "128": {
            "train_loss": [
                2.4164607734334207,
                0.9493484689892279,
                0.6804238019916538,
                0.568799675098541,
                0.49830489107627973
            ],
            "val_loss": [
                1.2659195242049572,
                0.7662153659866645,
                0.6935045771620848,
                0.5658133754564392,
                0.5337480691472789
            ],
            "train_cer": [
                0.7427106246261754,
                0.28058007772283217,
                0.19868348373474878,
                0.16661709575465994,
                0.14728117166025514
            ],
            "val_cer": [
                0.3715385913505055,
                0.22982986361474617,
                0.20552904898516483,
                0.16235828360155255,
                0.15909056042219596
            ],
            "train_wer": [
                0.8357901098323611,
                0.5453255557307268,
                0.4400651636975143,
                0.39049608492301224,
                0.3595564664459509
            ],
            "val_wer": [
                0.651215093396639,
                0.487349284687949,
                0.45873680264884115,
                0.39370275504466795,
                0.38764290622852504
            ],
            "epoch_times": [
                357.3857605457306,
                333.6854085922241,
                321.4352459907532,
                319.240754365921,
                312.2887167930603
            ],
            "total_time": 1644.0358862876892
        },
        "256": {
            "train_loss": [
                1.8116794315171667,
                0.7274541088631602,
                0.5596765432745751,
                0.4701422681458114,
                0.40842868898506546
            ],
            "val_loss": [
                1.073893543455627,
                0.6345849586697249,
                0.5721246956416837,
                0.565094346915568,
                0.5136374908626884
            ],
            "train_cer": [
                0.5737827617425865,
                0.21714674188371644,
                0.1666922692256152,
                0.14115289957151123,
                0.12365055448605859
            ],
            "val_cer": [
                0.33852384824264,
                0.18725741374284707,
                0.1692926069680745,
                0.16728288050565332,
                0.14397925839559395
            ],
            "train_wer": [
                0.733393767407641,
                0.4618214304482632,
                0.38861737348257924,
                0.3467733459456619,
                0.3142440485574649
            ],
            "val_wer": [
                0.5961766727056913,
                0.42825014056350347,
                0.4066345973636534,
                0.3975135878053352,
                0.3650902730055601
            ],
            "epoch_times": [
                381.5086543560028,
                383.5980966091156,
                389.0354812145233,
                396.15204191207886,
                389.468145608902
            ],
            "total_time": 1939.7624197006226
        },
        "512": {
            "train_loss": [
                1.6918662853233446,
                0.6539756257937033,
                0.4861184307563067,
                0.3972347489690367,
                0.3319109428642645
            ],
            "val_loss": [
                1.7686034279627043,
                0.5814004333524199,
                0.4796318318713438,
                0.49967506050423427,
                0.4289490242147228
            ],
            "train_cer": [
                0.5497305194486843,
                0.19887632002980793,
                0.14753283936736622,
                0.12210459571380479,
                0.10398778921358744
            ],
            "val_cer": [
                0.5269472101621588,
                0.1797401162879892,
                0.14189282481628646,
                0.1491800009204854,
                0.12248592424405136
            ],
            "train_wer": [
                0.7013899837090756,
                0.4328656261495612,
                0.3545246728677282,
                0.3083977087603132,
                0.27542172473592935
            ],
            "val_wer": [
                0.74779783844568,
                0.41594302492659463,
                0.3512838133316674,
                0.3659648903604673,
                0.3249828200162429
            ],
            "epoch_times": [
                430.9970645904541,
                422.7181327342987,
                422.96835827827454,
                426.2692210674286,
                435.1377012729645
            ],
            "total_time": 2138.0904779434204
        },
        "1024": {
            "train_loss": [
                1.6135150746216158,
                0.6164884821254247,
                0.4403895743277421,
                0.34528937624879064,
                0.27364770560657564
            ],
            "val_loss": [
                0.8141817714159305,
                0.5392539723330623,
                0.49653285039546013,
                0.43366677868370707,
                0.41808181993670757
            ],
            "train_cer": [
                0.5291787461718727,
                0.18760029938651912,
                0.1342826980085567,
                0.10689994411015855,
                0.08771763536944492
            ],
            "val_cer": [
                0.24774864611938696,
                0.16120767684825799,
                0.1435190156942761,
                0.12457235782335885,
                0.1188960311737723
            ],
            "train_wer": [
                0.6767565295075937,
                0.41106994587208995,
                0.3288664669714646,
                0.2795075936728152,
                0.24310263282358505
            ],
            "val_wer": [
                0.5014056350346723,
                0.3841444368088961,
                0.3580308614980946,
                0.3209845692509527,
                0.31067657899668893
            ],
            "epoch_times": [
                629.0119252204895,
                629.3824129104614,
                635.4862053394318,
                639.9997000694275,
                626.0917847156525
            ],
            "total_time": 3159.9720282554626
        }
    }
}