{
    "batch_size": {
        "4": {
            "train_loss": [
                2.555635184402941,
                1.289097243960316,
                0.883847383693738,
                0.6867754889191858,
                0.5657373833035478
            ],
            "val_loss": [
                1.6467275402393715,
                1.0541944788114495,
                0.834842817489242,
                0.7192696586120008,
                0.6744357673269787
            ],
            "train_cer": [
                0.7720871097107782,
                0.4282632640321089,
                0.290117303298808,
                0.22430129527158868,
                0.18587457796632884
            ],
            "val_cer": [
                0.5466149149318074,
                0.3438933464246813,
                0.27014712425018794,
                0.22245063897028367,
                0.20681772854885477
            ],
            "train_wer": [
                0.844198328866467,
                0.6566030795102212,
                0.5423169898575858,
                0.46402858794471596,
                0.4116742866151663
            ],
            "val_wer": [
                0.7304304366839508,
                0.5965515087149372,
                0.5238957955894297,
                0.47335540700943335,
                0.4580496032985569
            ],
            "epoch_times": [
                513.7352447509766,
                498.48944067955017,
                495.03421688079834,
                492.66356134414673,
                490.88874888420105
            ],
            "total_time": 2490.811212539673
        },
        "8": {
            "train_loss": [
                3.0094393351727353,
                1.6592854774806778,
                1.1634537130719604,
                0.9060436491984737,
                0.7442080116093347
            ],
            "val_loss": [
                2.0267822560758844,
                1.360169855297833,
                1.0539149955205473,
                0.8786243248855633,
                0.8045674168366542
            ],
            "train_cer": [
                0.8368735680270886,
                0.5430204700629823,
                0.3798025225602123,
                0.2935687461391886,
                0.24101268470612075
            ],
            "val_cer": [
                0.6528542718193394,
                0.43394750164920304,
                0.3335839099151619,
                0.2762223279075833,
                0.25400794685730943
            ],
            "train_wer": [
                0.8842950233853591,
                0.7265752272846707,
                0.6221293814703873,
                0.5452992800462452,
                0.48654684954543065
            ],
            "val_wer": [
                0.7861560567251827,
                0.6642718810520397,
                0.5913662772537015,
                0.5348909851939776,
                0.5084025738739302
            ],
            "epoch_times": [
                380.65284872055054,
                379.41711926460266,
                380.646639585495,
                381.5608685016632,
                382.27416706085205
            ],
            "total_time": 1904.5516431331635
        },
        "16": {
            "train_loss": [
                3.4051580706354696,
                1.9965479123479561,
                1.5560290220533386,
                1.1969093796018546,
                0.9621205141679722
            ],
            "val_loss": [
                2.2487944839717624,
                1.8036812141344145,
                1.3876429913522719,
                1.138907032978761,
                0.9304824985199042
            ],
            "train_cer": [
                0.870789877075033,
                0.6741360770560761,
                0.5264169382172121,
                0.4010047097813759,
                0.31940554126533294
            ],
            "val_cer": [
                0.7571452679379593,
                0.6170013653866806,
                0.4647223969439885,
                0.38784652440053385,
                0.2997714127916788
            ],
            "train_wer": [
                0.8971963844658153,
                0.7742787324609806,
                0.707880077776026,
                0.6327316201587051,
                0.5630879184402754
            ],
            "val_wer": [
                0.8233897669769475,
                0.7599175360779659,
                0.6835759355282064,
                0.6335353282938714,
                0.554070094333729
            ],
            "epoch_times": [
                458.07831478118896,
                457.9183189868927,
                456.8769574165344,
                456.4925928115845,
                456.4002592563629
            ],
            "total_time": 2285.7664432525635
        },
        "32": {
            "train_loss": [
                4.667364699886665,
                2.5728127202434234,
                2.194898833538726,
                1.9171995130579846,
                1.6721831504239868
            ],
            "val_loss": [
                2.843743368061241,
                2.3821735386838934,
                2.0794309851176247,
                1.8039460931709426,
                1.5796462242712757
            ],
            "train_cer": [
                0.9434041816060322,
                0.830500165054795,
                0.7672139077458091,
                0.680633679676035,
                0.5867191355704523
            ],
            "val_cer": [
                0.8742923768467238,
                0.8133409017688661,
                0.7485540708466931,
                0.6411027415123575,
                0.5522452173112622
            ],
            "train_wer": [
                0.949918545378107,
                0.8656392874034369,
                0.8078065058594777,
                0.7495401755215724,
                0.7094172053181985
            ],
            "val_wer": [
                0.8959830074342475,
                0.8461298182045355,
                0.7891547447991504,
                0.7351783594677329,
                0.6968201411882301
            ],
            "epoch_times": [
                398.2667453289032,
                399.15444350242615,
                400.69518852233887,
                400.94903087615967,
                399.9224212169647
            ],
            "total_time": 1998.9878294467926
        }
    }
}