{
    "train_loss": [
        1.7057488445538007,
        0.7435133536333228,
        0.5498340343215244,
        0.44080806583016113,
        0.3579658372436563,
        0.294341380172558,
        0.23950378249160578,
        0.20030401220853566,
        0.16648993167071344,
        0.14140431193365605,
        0.12284938383807088,
        0.1091372889216107,
        0.09776339564463259,
        0.09095006931715088,
        0.08146544426984573,
        0.07472006604697465,
        0.07160736311322154,
        0.06646820009778541,
        0.061414720937922634,
        0.0596625506178308,
        0.056211905419369546,
        0.05604826077393986,
        0.054867048557466706,
        0.05282779988891512,
        0.05148640836704218,
        0.05152246849343446,
        0.04805684705166346,
        0.04647782335455228,
        0.04712330745014155,
        0.045054555079961436
    ],
    "val_loss": [
        0.9914296811521668,
        0.7630493703403268,
        0.6676630470095036,
        0.6617974990387263,
        0.6556268081510325,
        0.6469431690031733,
        0.6813305316123288,
        0.7216806169157536,
        0.7687935205727071,
        0.789628337104856,
        0.8339943046502105,
        0.8690969030180515,
        0.8850830323719607,
        0.9386127884178013,
        0.9457108790643823,
        0.9848380275339831,
        1.0304793307197064,
        1.0536608162980177,
        1.0507608636810415,
        1.0841455522247858,
        1.12724900644445,
        1.1241268633776949,
        1.142783077505171,
        1.1384584021093365,
        1.186000182781118,
        1.1846035505790575,
        1.200915980096392,
        1.207679100863822,
        1.2046152046863956,
        1.2041198308479755
    ],
    "train_cer": [
        0.5240104499202685,
        0.22562327852368658,
        0.16854351922964225,
        0.1396396813206133,
        0.11864730902215519,
        0.10205636418033824,
        0.08929931865779596,
        0.0783558956611857,
        0.07072510972724722,
        0.0641738610111254,
        0.0587854280981947,
        0.0555714915811519,
        0.055303149472723176,
        0.05286956414455929,
        0.048822841773772184,
        0.04703080999219649,
        0.04650029455944086,
        0.044791541363239595,
        0.0440235277425643,
        0.044717515954017885,
        0.042345618466872084,
        0.04179659668181103,
        0.041084102118052024,
        0.04080033804936878,
        0.04060910574221268,
        0.04008475909355887,
        0.039606678325668616,
        0.03918720100674557,
        0.03899596869958947,
        0.03835749954505217
    ],
    "val_cer": [
        0.29425093687360193,
        0.22208988176509892,
        0.18802835313598465,
        0.18518141939981989,
        0.17303837550474974,
        0.16629869563954333,
        0.16786741422885862,
        0.16737355837666676,
        0.17274787206228392,
        0.1702785928013247,
        0.17215234000522905,
        0.16738808354879006,
        0.17064172210440695,
        0.17316910205385933,
        0.17245736861981814,
        0.17348865584057171,
        0.17722162507625716,
        0.17582720855242134,
        0.1757400575196816,
        0.17440374168433895,
        0.17292217412776342,
        0.17427301513522936,
        0.17624843854399674,
        0.17369200825029776,
        0.17454899340557187,
        0.17213781483310578,
        0.17764285506783256,
        0.17858699125584637,
        0.1718037358742701,
        0.17292217412776342
    ],
    "train_wer": [
        0.7299045003432995,
        0.4815679420760252,
        0.39716621933712004,
        0.348742275763061,
        0.30848261656575743,
        0.2776356032707072,
        0.25095811747081953,
        0.22903688908307845,
        0.21128518819049996,
        0.1974034080269646,
        0.18460770239061233,
        0.17727982023594033,
        0.1796641907496411,
        0.17272330066787342,
        0.16138817801635352,
        0.15676924037201173,
        0.15558329692278883,
        0.15140128581237125,
        0.15029024405467822,
        0.15248736033955435,
        0.14618313463579052,
        0.14369889520004994,
        0.14215092690843267,
        0.14173896760501842,
        0.14057799138630547,
        0.1402284501591661,
        0.13789401410648525,
        0.1371325135759316,
        0.1369452593471069,
        0.13549715997752948
    ],
    "val_wer": [
        0.5593443750358187,
        0.46587196974038625,
        0.4220872256289759,
        0.4180755344145796,
        0.40357613616826177,
        0.3940626970026936,
        0.3942919365006591,
        0.3972147400997192,
        0.4055819817754599,
        0.39543813399048655,
        0.40300303742334803,
        0.3933176686343057,
        0.39795976846810704,
        0.40546736202647715,
        0.401169121439624,
        0.4047223336580893,
        0.4099948421112958,
        0.4099948421112958,
        0.4103960112327354,
        0.4074158977591839,
        0.4068427990142702,
        0.4088486446214683,
        0.40839016562553726,
        0.40477964353258067,
        0.40775975700613215,
        0.4012837411886068,
        0.4124018568399335,
        0.41234454696544215,
        0.4026591781763998,
        0.40248724855292567
    ]
}