{
    "overall_cer": 0.9905437352245863,
    "overall_wer": 1.0,
    "mean_cer": 0.9886037329504667,
    "mean_wer": 1.0,
    "median_cer": 1.0,
    "median_wer": 1.0,
    "min_cer": 0.5,
    "min_wer": 1.0,
    "max_cer": 1.2,
    "max_wer": 1.0,
    "std_cer": 0.06334564157362456,
    "std_wer": 0.0
}