{
    "overall_cer": 0.9880151234252514,
    "overall_wer": 0.956441644877585,
    "mean_cer": 0.9547695945365802,
    "mean_wer": 0.9564286988052072,
    "median_cer": 1.0,
    "median_wer": 1.0,
    "min_cer": 0.0,
    "min_wer": 0.0,
    "max_cer": 1.0,
    "max_wer": 1.0,
    "std_cer": 0.20512158852484585,
    "std_wer": 0.20413927330865436
}