{
    "overall_cer": 0.9858156028368794,
    "overall_wer": 1.0,
    "mean_cer": 0.984757118927973,
    "mean_wer": 1.0,
    "median_cer": 1.0,
    "median_wer": 1.0,
    "min_cer": 0.6666666666666666,
    "min_wer": 1.0,
    "max_cer": 1.0,
    "max_wer": 1.0,
    "std_cer": 0.06323945853648284,
    "std_wer": 0.0
}