{
    "train_loss": [
        1.5789536402303213,
        0.6978502683991764,
        0.5556078775980746,
        0.4787383339084787
    ],
    "val_loss": [
        2.6223149599728885,
        2.1583443769922743,
        1.8688775465621814,
        1.9660292633108565
    ],
    "train_cer": [
        0.4557081177543396,
        0.20815207266333072,
        0.1666563166960279,
        0.14432979582231606
    ],
    "val_cer": [
        0.7033275547305279,
        0.6019514290535876,
        0.5299081048739702,
        0.5613887056441097
    ],
    "train_wer": [
        0.6706474328656261,
        0.44920910189710445,
        0.3861737348257922,
        0.34750906511114615
    ],
    "val_wer": [
        0.8300118698069594,
        0.7937152495783095,
        0.7518585618791779,
        0.7640407321796714
    ]
}