{
    "num_filters_with_hidden_size": {
        "filters_24_hidden_128": {
            "train_loss": [
                3.554462499535798,
                2.1023976459676157,
                1.5388547737578362,
                1.188990378953305,
                0.9774294350613555
            ],
            "val_loss": [
                2.4591568517184506,
                1.7958803618925325,
                1.3551024093084607,
                1.09565472385396,
                0.9652750133455306
            ],
            "train_cer": [
                0.9181949215417752,
                0.6871835768844845,
                0.4921051513438075,
                0.3773740926071794,
                0.31224445105389936
            ],
            "val_cer": [
                0.8073577466517343,
                0.5739993556602182,
                0.4193424665940506,
                0.3509043769080895,
                0.3041744013009527
            ],
            "train_wer": [
                0.9338641021598613,
                0.8055730726785433,
                0.7074596668243208,
                0.6303142571863997,
                0.5727836460139787
            ],
            "val_wer": [
                0.8727431748609983,
                0.7504216905104018,
                0.6584619229087274,
                0.6106078590616605,
                0.570375460735928
            ],
            "epoch_times": [
                306.7145321369171,
                284.8902153968811,
                284.8541774749756,
                285.0338542461395,
                284.4510221481323
            ],
            "total_time": 1445.9438014030457
        },
        "filters_36_hidden_256": {
            "train_loss": [
                2.825661831793349,
                1.4688711004396342,
                0.992517503936208,
                0.7625698477217828,
                0.6236387555739136
            ],
            "val_loss": [
                1.8580230076214124,
                1.1982037562733587,
                0.9045573018681163,
                0.7648516601749297,
                0.7127063452456517
            ],
            "train_cer": [
                0.7992051222549427,
                0.4732627574282829,
                0.3184675070842825,
                0.2435979984246255,
                0.19966727568072845
            ],
            "val_cer": [
                0.6030099872666186,
                0.38698740469140724,
                0.28835739379899666,
                0.23757728242026296,
                0.22211312765598393
            ],
            "train_wer": [
                0.8664275579378843,
                0.6915497398707237,
                0.5737427084975564,
                0.49269535971412054,
                0.43538809185979294
            ],
            "val_wer": [
                0.7654776035484475,
                0.6353470356718935,
                0.5512588242643843,
                0.490285500093709,
                0.47185606297244953
            ],
            "epoch_times": [
                606.4986019134521,
                607.3742227554321,
                606.8368787765503,
                607.0572295188904,
                609.2353525161743
            ],
            "total_time": 3037.0022854804993
        },
        "filters_48_hidden_512": {
            "train_loss": [
                2.41178065032613,
                1.074363823382323,
                0.6931661759280883,
                0.5224334633385236,
                0.40731944129532976
            ],
            "val_loss": [
                1.4847634727361498,
                0.8609931082583439,
                0.6793376994000442,
                0.6084399360452203,
                0.577319408944719
            ],
            "train_cer": [
                0.7238159361221601,
                0.3517203285407522,
                0.222297758850042,
                0.1692024094731647,
                0.1351422903068712
            ],
            "val_cer": [
                0.5148888513876317,
                0.2777104459751776,
                0.20779957964499945,
                0.18780970498442845,
                0.17061196937851894
            ],
            "train_wer": [
                0.8201560775658205,
                0.5957748699353618,
                0.4610988491250197,
                0.3857401860318461,
                0.32881391560250145
            ],
            "val_wer": [
                0.7153745236459049,
                0.5369525832448304,
                0.4548010245517586,
                0.4288123945773724,
                0.40844630474167554
            ],
            "epoch_times": [
                878.4820945262909,
                882.6596274375916,
                887.6153182983398,
                875.1550214290619,
                874.1907777786255
            ],
            "total_time": 4398.10283946991
        },
        "filters_64_hidden_1024": {
            "train_loss": [
                2.3464182982748114,
                0.9087958107580021,
                0.5851077866118664,
                0.4176376510380163,
                0.29131059343676885
            ],
            "val_loss": [
                1.2311712619753137,
                0.7509329823524817,
                0.6395283962512898,
                0.5688237681815486,
                0.5779664104982191
            ],
            "train_cer": [
                0.6965050872829366,
                0.2991446566370004,
                0.19114325775675825,
                0.13907418967900928,
                0.10204308420409271
            ],
            "val_cer": [
                0.4087875673104951,
                0.24372919319454459,
                0.2042557108448522,
                0.17305125569550342,
                0.16794256171087554
            ],
            "train_wer": [
                0.8052971779914867,
                0.5483603972883494,
                0.4195175784329182,
                0.33836512691155607,
                0.2712833044300804
            ],
            "val_wer": [
                0.6494658586868245,
                0.4947835322046605,
                0.4554257512338352,
                0.4082588867370525,
                0.40625976135440744
            ],
            "epoch_times": [
                1876.1892354488373,
                1876.6254842281342,
                1876.6288096904755,
                1876.5210235118866,
                1875.8953249454498
            ],
            "total_time": 9381.859877824783
        }
    }
}