{
    "train_loss": [
        1.9095684740006862,
        1.0250416713965553,
        0.8581165687800958,
        0.7628250391670081,
        0.6955386507492336,
        0.6472412611486157,
        0.613611053684031,
        0.5852120086879761,
        0.5544671698918979,
        0.5276348868661123,
        0.5051427837089096,
        0.4790781541326946,
        0.46624999264554834,
        0.44713681777067615,
        0.4320701606955563,
        0.4216687064390673,
        0.4027490069598085,
        0.39336223852664987,
        0.37950499273491894,
        0.36756640253030354,
        0.3575918011386907,
        0.34790935012875235,
        0.3390779545898897,
        0.33074513603164396,
        0.31820707751886546,
        0.3166101826462585,
        0.30544379956522794,
        0.2995908450301968,
        0.2933949675990737,
        0.2863039798952334,
        0.27894817857594706,
        0.27600784159699293,
        0.27074574110877714,
        0.2662695282811669,
        0.2592509700277219,
        0.26023942573489595,
        0.2517787508541164,
        0.24653594551498284,
        0.24450872363091752
    ],
    "val_loss": [
        0.890699307446356,
        0.6573173986463161,
        0.622582935712316,
        0.5434300811974319,
        0.5134400453987893,
        0.48350030031579955,
        0.44507100929010224,
        0.4514422410006796,
        0.4409319028075967,
        0.4112976796647811,
        0.41352527692623725,
        0.40360304946824166,
        0.41724267127373804,
        0.40939481695881347,
        0.4021476852371693,
        0.403253306480279,
        0.3916149715656651,
        0.39598474311702825,
        0.39520215609443043,
        0.4101351468789426,
        0.41566561282864517,
        0.4060529511455413,
        0.39619957642642767,
        0.40360009335269864,
        0.3993205355762222,
        0.40380078715878864,
        0.4183630673833504,
        0.4178499744074153,
        0.4057716276946959,
        0.42893161122676926,
        0.4273970442117898,
        0.42893438612633794,
        0.4171586511745029,
        0.43988675155749474,
        0.4461580277213568,
        0.4179409272967839,
        0.4368820743157075,
        0.4533912025447414,
        0.457806185779667
    ],
    "train_cer": [
        0.5695665105455306,
        0.31705228478325526,
        0.26714036848074413,
        0.24007138211328968,
        0.22134011419830762,
        0.20579881618125304,
        0.19675512078415736,
        0.1893162155713674,
        0.17899130275625166,
        0.17207534342836786,
        0.16491098480515362,
        0.15850162930327266,
        0.15510574946316336,
        0.15003971120313506,
        0.14501616229625539,
        0.14286227893279818,
        0.13766550420154333,
        0.13432518736170532,
        0.1303867511660059,
        0.1266705669713916,
        0.12460166231423164,
        0.12188234371271968,
        0.11942122964188012,
        0.11683918433515601,
        0.11382570867338435,
        0.11299553208109583,
        0.10958004177030256,
        0.10773012070244706,
        0.10604362022362473,
        0.10415120980262062,
        0.10147764896603793,
        0.10094489784578979,
        0.10009837919459796,
        0.09706856147392298,
        0.09647371052984223,
        0.0959769119391814,
        0.09419562751871983,
        0.09177700280102889,
        0.09181295533061619
    ],
    "val_cer": [
        0.2780939815596091,
        0.19653897488608993,
        0.18744151082337418,
        0.16392310878603317,
        0.15029992482702545,
        0.14267523740852675,
        0.13077029286777228,
        0.12971173465474126,
        0.12788610527284722,
        0.11888068975039504,
        0.117055060368501,
        0.1131583388306767,
        0.11697835325161468,
        0.11490726109568446,
        0.11252934047220901,
        0.11056563827991961,
        0.10745132933433564,
        0.10703711090314959,
        0.10725189083043125,
        0.10811101053955786,
        0.10995198134482917,
        0.10409155761471549,
        0.10475123881993771,
        0.10447509319914702,
        0.10455180031603332,
        0.10356994921988862,
        0.10556433425893254,
        0.10450577604590154,
        0.10057837166132273,
        0.10582513845634597,
        0.10360063206664315,
        0.10284890232115736,
        0.10217387969255788,
        0.10406087476796097,
        0.10151419848733566,
        0.10422963042511084,
        0.10332448644585245,
        0.10335516929260696,
        0.1029102680146664
    ],
    "train_wer": [
        0.7503809974249829,
        0.5559803457880078,
        0.49926428083451574,
        0.46133533028535395,
        0.4339560670555468,
        0.41151663250827686,
        0.39676283567186926,
        0.38572704818960535,
        0.3691865048084503,
        0.35774344421672183,
        0.3488754007041883,
        0.3403226654054338,
        0.33102107309895423,
        0.32263912974932996,
        0.317121236008198,
        0.3099085606180041,
        0.3017105470597509,
        0.29607441273845186,
        0.2918308896946765,
        0.28334384360712594,
        0.2809921698460245,
        0.2764596142729518,
        0.271624888328341,
        0.2667507488570077,
        0.2621262283882495,
        0.25931473014872036,
        0.2547558988911661,
        0.25103788953702244,
        0.24800304797939987,
        0.24571706342950234,
        0.24026485889957433,
        0.24033054811077828,
        0.23820221766777025,
        0.23226391297493298,
        0.22950496610436702,
        0.23088443953965002,
        0.22544537285196278,
        0.22260759892795207,
        0.22099164433233487
    ],
    "val_wer": [
        0.5424501780471044,
        0.4438058349472106,
        0.42843755856812643,
        0.38945461360654715,
        0.3655275816830137,
        0.3533454113825201,
        0.32685700006247265,
        0.33010557880927094,
        0.32660710938964205,
        0.309926906978197,
        0.31042668832385834,
        0.2998688073967639,
        0.30574123820828386,
        0.3038670581620541,
        0.29818204535515713,
        0.29199725120259884,
        0.2843755856812644,
        0.28593740238645593,
        0.28275129630786533,
        0.2871868557506091,
        0.28887361779221593,
        0.2793777722246517,
        0.2840007496720185,
        0.2790654088836134,
        0.28068969825701257,
        0.27662897482351473,
        0.28168926094833513,
        0.2789404635471981,
        0.27125632535765604,
        0.2786281002061598,
        0.2780033735240832,
        0.2768788654963453,
        0.274005122758793,
        0.27962766289748237,
        0.2700068719935028,
        0.27656650215530704,
        0.2746298494408696,
        0.2771912288373836,
        0.276941338164553
    ]
}