{
    "train_loss": [
        2.3142883040706486,
        0.9026145630142486,
        0.5868417608001034,
        0.4535557442353341,
        0.3561477849872499,
        0.29728292323385747,
        0.2573169909505357,
        0.22745734999775635,
        0.21180115147635553,
        0.18847440436946133
    ],
    "val_loss": [
        1.2753231250597332,
        0.7627033173681019,
        0.6537330301995287,
        0.6268518772162125,
        0.6148278953176654,
        0.6188686021088721,
        0.6591917319955702,
        0.6699369496214176,
        0.6978670623963941,
        0.6982167877085849
    ],
    "train_cer": [
        0.7217188950334026,
        0.29233504595311866,
        0.18993737825365076,
        0.1508870324613353,
        0.12241963106770731,
        0.1058588592121949,
        0.09326587441659803,
        0.08503287968519173,
        0.079427645082428,
        0.07325698448183446
    ],
    "val_cer": [
        0.430004755841247,
        0.23777672092416735,
        0.19624748784192197,
        0.18566190571161192,
        0.17521439639169722,
        0.1706273108018962,
        0.17254498872405383,
        0.17076538361229154,
        0.17016706810057838,
        0.16912385131092464
    ],
    "train_wer": [
        0.7975485108451463,
        0.5233784831246634,
        0.405612412470276,
        0.3482007961427802,
        0.3024685681253859,
        0.2745378824704074,
        0.2515338229304886,
        0.23670139390674882,
        0.22751816282827753,
        0.21602270189313819
    ],
    "val_wer": [
        0.6353470356718935,
        0.4836633972636971,
        0.42525145248953583,
        0.40988317611045166,
        0.40269881926657086,
        0.39326544636721433,
        0.39513962641344413,
        0.38914225026550886,
        0.3887674142562629,
        0.38864246891984755
    ]
}