{
    "train_loss": [
        2.401466778594487,
        1.4015949999543396,
        1.0729793889978831,
        0.90907052901312,
        0.8179903931488781,
        0.7322937477413334,
        0.6753406709127645,
        0.6344574834771463,
        0.5953298745643578,
        0.5665387406843381,
        0.5378783192706895,
        0.5363783236771242,
        0.5530880996130885,
        0.5388254981975685,
        0.49617270668351593
    ],
    "val_loss": [
        1.701576701734496,
        1.2549499859218893,
        1.0828855808141051,
        0.967385400283983,
        0.9740012504797111,
        0.9733366499739191,
        0.9377942869932144,
        0.9510821516903444,
        0.9617555030555963,
        0.970957084712961,
        1.0037944422046217,
        1.0143629830984071,
        1.0370681490572258,
        1.0593600405295422,
        1.0341166728909226
    ],
    "train_cer": [
        0.7364788014276189,
        0.4405126093265874,
        0.3699128001987162,
        0.2917042527879097,
        0.24445032748950857,
        0.220901805441163,
        0.205805258134944,
        0.19410780353244173,
        0.1863487207645344,
        0.18688473153704357,
        0.17052332954203764,
        0.16682681622674564,
        0.2550921023388372,
        0.25856636728504007,
        0.1588781686734387
    ],
    "val_cer": [
        0.5420431707653837,
        0.3855299694705675,
        0.33784882561404045,
        0.27563935381924737,
        0.2732614331957719,
        0.26224629121089854,
        0.2535630455793689,
        0.25245846309620606,
        0.25189083043124744,
        0.24850037586487275,
        0.2509089793351027,
        0.24966632404154457,
        0.40011966310234265,
        0.34338707945323166,
        0.25199822039488823
    ],
    "train_wer": [
        0.8297095261242561,
        0.6744748216561346,
        0.6490797062417069,
        0.5636454405717514,
        0.49159846026511816,
        0.4612110303874299,
        0.4413205985522288,
        0.42548970663583696,
        0.4137314923078944,
        0.4163853015752066,
        0.38898012270583443,
        0.3849468581263056,
        0.5352286611400869,
        0.5590603938673359,
        0.37441044707489785
    ],
    "val_wer": [
        0.7260573499094146,
        0.6320359842568876,
        0.6075466983194853,
        0.5367651652402075,
        0.5357031298806773,
        0.5282688823639657,
        0.5142750046854501,
        0.5197725994877241,
        0.5161491847316799,
        0.5140251140126195,
        0.5112763166114824,
        0.5125257699756357,
        0.8736177922159055,
        0.7132504529268445,
        0.515212094708565
    ]
}