{
    "n_h": {
        "128": {
            "train_loss": [
                3.290668987124751,
                1.785966155578536,
                1.1412799142810324,
                0.8793890563424454,
                0.7291894767566591
            ],
            "val_loss": [
                2.3772547387409544,
                1.3527405955146874,
                1.0208554995962527,
                0.8578971328585223,
                0.7620425391337206
            ],
            "train_cer": [
                0.8666880202903003,
                0.527534735046199,
                0.34724914122480466,
                0.27052644308551144,
                0.22731803934514103
            ],
            "val_cer": [
                0.7219367012871454,
                0.4038016047128853,
                0.30843931699983124,
                0.2624610711381802,
                0.23322031818112085
            ],
            "train_wer": [
                0.9316832203478901,
                0.7518261600714699,
                0.6213411109359399,
                0.539360975353408,
                0.48549582216616743
            ],
            "val_wer": [
                0.8596863872055975,
                0.6827013181732992,
                0.589991878553133,
                0.5368901105766227,
                0.49940650965202726
            ],
            "epoch_times": [
                555.2297246456146,
                511.50276160240173,
                511.1450011730194,
                510.92570781707764,
                511.40729570388794
            ],
            "total_time": 2600.2104909420013
        },
        "256": {
            "train_loss": [
                3.0841281223497683,
                1.5003447037264626,
                0.9597446802584405,
                0.7199402399956554,
                0.5802407085069001
            ],
            "val_loss": [
                1.9630488734552707,
                1.1886724216722953,
                0.8558875381172091,
                0.7334614651876202,
                0.6593479827504376
            ],
            "train_cer": [
                0.8486561924963802,
                0.48462375677786895,
                0.3066946878503329,
                0.22997525812282038,
                0.18690085926545713
            ],
            "val_cer": [
                0.6376509212524738,
                0.37950079008330395,
                0.268797078992989,
                0.22611723915744902,
                0.20721660555666355
            ],
            "train_wer": [
                0.8923353828367229,
                0.7004571969099795,
                0.563232434704924,
                0.4736454884649745,
                0.41518209049345733
            ],
            "val_wer": [
                0.7922159055413257,
                0.6325357656025489,
                0.5310176797651027,
                0.48491285062785033,
                0.4564253139251577
            ],
            "epoch_times": [
                623.7865059375763,
                624.0815832614899,
                626.1449754238129,
                623.2416126728058,
                632.8605666160583
            ],
            "total_time": 3130.115243911743
        },
        "512": {
            "train_loss": [
                2.649979599094416,
                1.1148772281928518,
                0.7100093834109988,
                0.5319260847794928,
                0.4142428869148472
            ],
            "val_loss": [
                1.5394271598763016,
                0.8936285426368241,
                0.686764515387169,
                0.6257899559490655,
                0.5983210054404479
            ],
            "train_cer": [
                0.7608274311263927,
                0.36289176000705975,
                0.2273637971100703,
                0.17213090642863912,
                0.137678577848666
            ],
            "val_cer": [
                0.5122961508368746,
                0.2918398969056349,
                0.21637543531288833,
                0.1889296288909685,
                0.17688661153981866
            ],
            "train_wer": [
                0.8406116979347312,
                0.6041173997582637,
                0.4669451889221714,
                0.39032529297388197,
                0.3359740396237322
            ],
            "val_wer": [
                0.7171237583557194,
                0.5474479915037171,
                0.462797526082339,
                0.43131130130567874,
                0.418629349659524
            ],
            "epoch_times": [
                880.3606669902802,
                869.936155796051,
                871.73268699646,
                870.9574491977692,
                869.2754380702972
            ],
            "total_time": 4362.2623970508575
        },
        "1024": {
            "train_loss": [
                2.2613968664257307,
                0.9677371080592666,
                0.6205075379750925,
                0.447333621916084,
                0.3217108149648488
            ],
            "val_loss": [
                1.3371459383299684,
                0.7874271518428405,
                0.6983432377121229,
                0.6231833751118374,
                0.604122634278494
            ],
            "train_cer": [
                0.6897067907791566,
                0.32413166470017224,
                0.204497988292549,
                0.15039596808722738,
                0.11280596419781735
            ],
            "val_cer": [
                0.44508537502109446,
                0.2591166408419373,
                0.23231517420186246,
                0.18831597195587807,
                0.1844039089946765
            ],
            "train_wer": [
                0.7781149823952914,
                0.5575700246991434,
                0.4295154763781597,
                0.3531451994324452,
                0.28790267486468024
            ],
            "val_wer": [
                0.662022864996564,
                0.5024676703942025,
                0.47173111763603426,
                0.42862497657274945,
                0.42125320172424563
            ],
            "epoch_times": [
                1537.962631225586,
                1540.7944564819336,
                1540.195306777954,
                1539.2825944423676,
                1541.6321449279785
            ],
            "total_time": 7699.86713385582
        }
    }
}