{
    "overall_cer": 0.6061684460260973,
    "overall_wer": 0.9408866995073891,
    "mean_cer": 0.6622760265976346,
    "mean_wer": 0.9396984924623115,
    "median_cer": 0.6666666666666666,
    "median_wer": 1.0,
    "min_cer": 0.0,
    "min_wer": 0.0,
    "max_cer": 2.0,
    "max_wer": 1.0,
    "std_cer": 0.32000037933795134,
    "std_wer": 0.23804460868999022
}