{
    "overall_cer": 0.2821172916529848,
    "overall_wer": 0.5451778276193527,
    "mean_cer": 0.2718896655081989,
    "mean_wer": 0.5449591280653951,
    "median_cer": 0.16666666666666666,
    "median_wer": 1.0,
    "min_cer": 0.0,
    "min_wer": 0.0,
    "max_cer": 6.0,
    "max_wer": 2.0,
    "std_cer": 0.3492392942505277,
    "std_wer": 0.4985107325410011
}