{
    "optimizer_with_lr": {
        "Adam_lr_0.0001": {
            "train_loss": [
                3.03298433023171,
                1.7120793485209016,
                1.1809770591972253,
                0.9048005710625248,
                0.741560113219276
            ],
            "val_loss": [
                2.0643220394328496,
                1.418284693028199,
                1.05677446801921,
                0.8923645551720898,
                0.7847268362247991
            ],
            "train_cer": [
                0.8496138371481147,
                0.5786200111779682,
                0.3894149216071434,
                0.2957683872675751,
                0.24274821136165303
            ],
            "val_cer": [
                0.7157847905128638,
                0.45568629857478177,
                0.3373118757958363,
                0.2897534633263274,
                0.2477333046960097
            ],
            "train_wer": [
                0.8858190130852909,
                0.7404225130064638,
                0.6254401177150665,
                0.5405039676283567,
                0.4828157023490462
            ],
            "val_wer": [
                0.809395889298432,
                0.6769538326981945,
                0.5861185731242582,
                0.5468857374898481,
                0.504591741113263
            ],
            "epoch_times": [
                232.27528762817383,
                222.4368486404419,
                217.74486708641052,
                243.07935786247253,
                226.08821177482605
            ],
            "total_time": 1141.6245729923248
        },
        "Adam_lr_0.001": {
            "train_loss": [
                4.162560507225815,
                4.059910443152539,
                4.04633895470893,
                4.041121064024644,
                4.037148028342631
            ],
            "val_loss": [
                4.056433163304021,
                4.101753360447081,
                3.991323676960043,
                4.012522968276032,
                4.031895102172539
            ],
            "train_cer": [
                1.0,
                1.0,
                1.0,
                1.0,
                1.0
            ],
            "val_cer": [
                1.0,
                1.0,
                1.0,
                1.0,
                1.0
            ],
            "train_wer": [
                1.0,
                1.0,
                1.0,
                1.0,
                1.0
            ],
            "val_wer": [
                1.0,
                1.0,
                1.0,
                1.0,
                1.0
            ],
            "epoch_times": [
                245.38091468811035,
                205.58983373641968,
                207.71634721755981,
                219.20459055900574,
                239.5420217514038
            ],
            "total_time": 1117.4337079524994
        },
        "SGD_lr_0.0001": {
            "train_loss": [
                4.446129368457132,
                3.9708792919365514,
                3.8853627927671845,
                3.842125073316596,
                3.8269534532705443
            ],
            "val_loss": [
                3.8460442586161983,
                3.9420991035653974,
                3.8428968175061637,
                3.818933913256156,
                3.8029816960883345
            ],
            "train_cer": [
                0.9999869263528773,
                1.0,
                0.9819420249118346,
                0.9843802601002095,
                0.986220375932723
            ],
            "val_cer": [
                1.0,
                1.0,
                0.9878342512618321,
                0.9878342512618321,
                0.9878342512618321
            ],
            "train_wer": [
                1.0,
                1.0,
                0.9787429712544011,
                0.9547926848494404,
                0.9539124494193074
            ],
            "val_wer": [
                1.0,
                1.0,
                0.9505841194477416,
                0.9505841194477416,
                0.9505841194477416
            ],
            "epoch_times": [
                214.02674913406372,
                224.5244174003601,
                232.4191553592682,
                235.66977286338806,
                230.9376199245453
            ],
            "total_time": 1137.5777146816254
        },
        "SGD_lr_0.001": {
            "train_loss": [
                4.201886735102857,
                4.06185690281143,
                4.05732865654457,
                4.052600454206096,
                4.040683756867418
            ],
            "val_loss": [
                4.055645807095613,
                4.015593495623938,
                4.022616092232929,
                4.019335397299024,
                4.075026533354645
            ],
            "train_cer": [
                0.999980389529316,
                1.0,
                1.0,
                1.0,
                1.0
            ],
            "val_cer": [
                1.0,
                1.0,
                1.0,
                1.0,
                1.0
            ],
            "train_wer": [
                1.0,
                1.0,
                1.0,
                1.0,
                1.0
            ],
            "val_wer": [
                1.0,
                1.0,
                1.0,
                1.0,
                1.0
            ],
            "epoch_times": [
                239.90196466445923,
                236.74335956573486,
                240.31861186027527,
                210.6482617855072,
                209.97489881515503
            ],
            "total_time": 1137.5870966911316
        },
        "RMSprop_lr_0.0001": {
            "train_loss": [
                2.6959403675813403,
                1.8924099158914809,
                1.4599677522099732,
                1.086283090877514,
                0.8421852477043711
            ],
            "val_loss": [
                2.140329257837836,
                1.6689021678223483,
                1.3530752138755489,
                0.9973386896812338,
                0.8654717436243688
            ],
            "train_cer": [
                0.8356969397860498,
                0.6491784846989302,
                0.5033125353397023,
                0.3683924970339163,
                0.27867459365470537
            ],
            "val_cer": [
                0.7321694306797785,
                0.57757390730712,
                0.4690947026065078,
                0.331175306444932,
                0.2686283233358391
            ],
            "train_wer": [
                0.8632744758000946,
                0.738780282726365,
                0.6748909559094014,
                0.6064953492038467,
                0.5275106416522151
            ],
            "val_wer": [
                0.7841569313425376,
                0.7108140188667458,
                0.6765165240207409,
                0.575873055538202,
                0.5355157118760542
            ],
            "epoch_times": [
                212.04117846488953,
                212.62951946258545,
                211.74192595481873,
                209.44929432868958,
                209.82526540756226
            ],
            "total_time": 1055.6871836185455
        },
        "RMSprop_lr_0.001": {
            "train_loss": [
                4.122741150479963,
                4.034600679982223,
                1.9436467251708078,
                0.8703557435850114,
                0.6465231056171387
            ],