{
    "train_loss": [
        2.0940252092108467,
        1.1097633794714434,
        0.887856858868609,
        0.7793792398934596,
        0.7203915202655863,
        0.6725725667649312,
        0.635172405392386,
        0.5977357823203151,
        0.5706094470652301,
        0.5401051229379275,
        0.5135549526614515,
        0.5072656450882079,
        0.49647230689848076,
        0.47960114742751875,
        0.4762939367969095,
        0.4641783544813281,
        0.4564223962113054,
        0.44482288348327687,
        0.47572286413359893
    ],
    "val_loss": [
        1.3339287038444378,
        1.1549233390827371,
        1.0967816095166354,
        0.9788972028660271,
        0.9335872534443551,
        0.9269344219860952,
        0.9479768618520544,
        0.9585897580569113,
        0.9680870843767313,
        0.9754641287249434,
        0.9706844552274694,
        0.9973470911783867,
        1.0212349818041933,
        1.004570855316086,
        1.0804537257258298,
        1.03423317023352,
        1.0490518858659708,
        1.064007358082046,
        1.0909326387401688
    ],
    "train_cer": [
        0.644877208578731,
        0.44542294822881556,
        0.28476929535380474,
        0.23580089145707547,
        0.2657610104826462,
        0.20531602276796188,
        0.19469138546258227,
        0.17396994727809262,
        0.1672284574829302,
        0.15901149510439433,
        0.1522977861737724,
        0.14947031151609438,
        0.15440913187885075,
        0.15953007124248372,
        0.16549987035596547,
        0.14342025657171784,
        0.14048474521860455,
        0.13778382783272217,
        0.14174414441110741
    ],
    "val_cer": [
        0.3891895824239779,
        0.32818274407100245,
        0.2997090062563655,
        0.25703477375236433,
        0.24231049032445803,
        0.24964353266404773,
        0.23589407827731704,
        0.23509384548232212,
        0.23870216790339008,
        0.23282409428197293,
        0.23164556962025318,
        0.23662156263640333,
        0.2575876618652699,
        0.23774188854939618,
        0.2746398952422523,
        0.23356612832824095,
        0.2529463116542994,
        0.2865997381056307,
        0.24193219845773317
    ],
    "train_wer": [
        0.7877095669989755,
        0.7153511730754816,
        0.5611898158558829,
        0.49921295255228243,
        0.5572670714339255,
        0.45941083876770855,
        0.44245808660020486,
        0.4027933937985658,
        0.39344876695899855,
        0.3776328611048647,
        0.3674012442845364,
        0.363078729730405,
        0.36972490817779774,
        0.3769707418234515,
        0.4055168278240012,
        0.35292206980985935,
        0.35144791744746773,
        0.3473627664093146,
        0.3542088299227944
    ],
    "val_wer": [
        0.6329295596762157,
        0.582237786325277,
        0.5694356736896492,
        0.5197198461450141,
        0.5066880992020207,
        0.5113381939261725,
        0.4903266548022275,
        0.4916470520695792,
        0.49095814914748265,
        0.48366725988862735,
        0.47763935932028245,
        0.48246167977495835,
        0.5126585911935243,
        0.4886618060738274,
        0.5398702566163385,
        0.4798208852402549,
        0.5256903381365176,
        0.6005511223376773,
        0.4961823296400482
    ]
}