{
    "train_loss": [
        1.7069851494636479,
        0.749893329172719,
        0.6493587010853321,
        0.6889736387926471,
        0.675869380595024,
        0.6806763057419788,
        0.6217382033868833,
        0.5667965485302682,
        0.5565477453704667,
        0.5182806643431148,
        0.5244299318400067,
        0.5111532905840421
    ],
    "val_loss": [
        0.9900501429949972,
        0.7979312702759424,
        0.8779079756212674,
        0.844063540732234,
        0.8385120058199391,
        0.8807825290322812,
        0.8524419513790318,
        0.8816822856198996,
        0.8713612549546683,
        0.8605026729320261,
        0.8953786976228002,
        0.9025869813033337
    ],
    "train_cer": [
        0.5429116989840594,
        0.23862155410490926,
        0.19873073329877555,
        0.20898678310885413,
        0.19442565242475626,
        0.20118785088605592,
        0.17815713252327525,
        0.1676375063331547,
        0.16217854663984044,
        0.15438254304348717,
        0.15294165883259092,
        0.1500540331579086
    ],
    "val_cer": [
        0.3139652152373538,
        0.2418478741662096,
        0.23853925228684159,
        0.22864877297899822,
        0.22243847201825934,
        0.2294803517401228,
        0.2296926697216865,
        0.22314619862347176,
        0.22282772165112616,
        0.2218192112386985,
        0.22015605371644933,
        0.2220315292202622
    ],
    "train_wer": [
        0.7128470011085167,
        0.4798698082501946,
        0.4331116299912734,
        0.46437415976791907,
        0.43401967027524235,
        0.45062383546781765,
        0.40805207669992216,
        0.3916837661265596,
        0.38109389372390856,
        0.3659166489775702,
        0.36629401636831055,
        0.3621547678011274
    ],
    "val_wer": [
        0.5646374343692351,
        0.4837519511849014,
        0.49056336029516107,
        0.47559245068823613,
        0.46324677167589046,
        0.4773662551440329,
        0.477862920391656,
        0.47495388108414927,
        0.4618986802894849,
        0.461827728111253,
        0.4658010500922378,
        0.4655881935575422
    ]
}