{
    "train_loss": [
        3.4566018149679767,
        3.025060551800813,
        2.826830859164209,
        2.7235176017231746,
        2.6642018644842316,
        2.6223973479556735,
        2.5890208767039544,
        2.565095810183215,
        2.5423170022282564,
        2.5177495031828134,
        2.5007517678629836,
        2.4845178167652007,
        2.4701541857639198,
        2.451527428451522,
        2.441941201022496,
        2.4294670358817285
    ],
    "val_loss": [
        3.1713477741111884,
        2.8100289670856564,
        2.654697052725069,
        2.597337411238359,
        2.5543935525191057,
        2.546015623327974,
        2.5172919978152266,
        2.490622585946387,
        2.4978031711978512,
        2.4745457510609965,
        2.4543780574312697,
        2.457627181168441,
        2.4568323236959917,
        2.451116112443236,
        2.4334654197707164,
        2.441350025015992
    ],
    "train_cer": [
        0.9287780388875634,
        0.8038560722188267,
        0.7325327903411895,
        0.6938772842112833,
        0.674953180001242,
        0.6602812795178439,
        0.6494562997002866,
        0.6422984779006338,
        0.6349772355119476,
        0.6292607833075674,
        0.6250020427573629,
        0.6197104840844688,
        0.6158112688301374,
        0.6087122784425364,
        0.6066760579031831,
        0.6031951993567766
    ],
    "val_cer": [
        0.8796772164521425,
        0.7433993525919335,
        0.67463909301505,
        0.6457665342190448,
        0.6382185539174324,
        0.6325115444210914,
        0.6193486031634015,
        0.6116932328981483,
        0.602212233251001,
        0.5990058757651535,
        0.5992359971158124,
        0.6004633109859933,
        0.5949864228403111,
        0.5977785618949726,
        0.5903993372505101,
        0.5887271221023886
    ],
    "train_wer": [
        0.9506279888591098,
        0.9139208576383415,
        0.8755583582952335,
        0.8486914709128173,
        0.8324268222187188,
        0.8207604183088969,
        0.8100662147248936,
        0.8026958852278102,
        0.7954306584686531,
        0.7900047296232067,
        0.7840138735614063,
        0.7798229018865942,
        0.7741342161963319,
        0.7668689894371749,
        0.7658705134268747,
        0.7611671659046718
    ],
    "val_wer": [
        0.9379021678015869,
        0.8831136377834697,
        0.8377584806647091,
        0.8185168988567502,
        0.8057100018741801,
        0.8026488411320047,
        0.7886549634534891,
        0.783532204660461,
        0.7764103204847879,
        0.769600799650153,
        0.7720997063784594,
        0.7631661148247642,
        0.770537889673268,
        0.7646029861935403,
        0.756793902667583,
        0.7570437933404136
    ]
}