{
    "train_loss": [
        1.9021429558702385,
        0.9060294951121096,
        0.6887934143952954,
        0.5688624165746798,
        0.48226261113640856,
        0.42773179077435863,
        0.3820811043228116,
        0.3427073721728535,
        0.3161485179283719,
        0.2857005021598328,
        0.2600154986246098,
        0.23446862927816842,
        0.21123414149059694,
        0.19385847829259545,
        0.17465924419706905,
        0.1633416704498486,
        0.1481694519964719,
        0.1391873054536139,
        0.12862660400893183,
        0.12034998968003778,
        0.11228615834312258,
        0.1096730461397694,
        0.10085421365208683,
        0.09623853471145627,
        0.09149044971050627,
        0.08941282847251687,
        0.08549151150375889,
        0.08316901436406804,
        0.08193985210321408,
        0.07481225190287798
    ],
    "val_loss": [
        1.066679049835034,
        16.404505151504754,
        0.6762443590419163,
        0.6168265010572099,
        0.5786222548908602,
        29.81289661314472,
        0.5816194452062633,
        0.5229487377111804,
        1.4407057891280255,
        0.5231629542879188,
        0.6120655752500825,
        0.5145182442439467,
        0.5330510340173058,
        0.5724928266346958,
        0.5665875734540093,
        0.6088240698564467,
        0.6027995312536948,
        0.6282415554801768,
        0.9379712673574138,
        0.6528148755586788,
        0.6989197750186433,
        0.6924217062510013,
        0.7089423741572327,
        0.7191714565986936,
        0.7558625522544511,
        0.7486216420768919,
        1.8899503027525042,
        0.7508705022700443,
        0.8089929904953349,
        0.835146034250969
    ],
    "train_cer": [
        0.5767256079478055,
        0.26661971134835905,
        0.20356057236061684,
        0.16938822162910241,
        0.14490967279557138,
        0.129507092724397,
        0.1171318950177936,
        0.10790764630288652,
        0.10032992289442468,
        0.093172326018189,
        0.08694147884539344,
        0.07993216192170818,
        0.07485975187821273,
        0.07077587485172004,
        0.06542543989719257,
        0.06248455417160933,
        0.059432458481613284,
        0.05727004250691973,
        0.054548487544483985,
        0.05263938315539739,
        0.050776616251482797,
        0.049531682483194936,
        0.04756697311190194,
        0.04672980921312772,
        0.04563006623171214,
        0.04485159648082246,
        0.04388777678924476,
        0.04349545274812179,
        0.04283437129300119,
        0.04113533017002768
    ],
    "val_cer": [
        0.3069142424065761,
        0.9948114032530753,
        0.18727044831807846,
        0.1750859907887833,
        0.1575088905730776,
        1.5249081793272314,
        0.15768378709263686,
        0.13717717017431352,
        0.2713082259663033,
        0.1339998834023203,
        0.13280475718533202,
        0.12354981635865446,
        0.12653763190112516,
        0.13506383722963913,
        0.12544452865387978,
        0.13051652772109834,
        0.12728094210925203,
        0.12926310266425697,
        0.16639946365067335,
        0.12634816067160262,
        0.12844691890631377,
        0.12857809129598322,
        0.12954002215355914,
        0.12678540197050078,
        0.12916107969451407,
        0.13201772284731533,
        0.17779688684195186,
        0.13092461960006996,
        0.1303853553314289,
        0.12744126391884802
    ],
    "train_wer": [
        0.772336275662024,
        0.5459103298242104,
        0.45786551974194195,
        0.40401590357830514,
        0.3603185716786277,
        0.3299492385786802,
        0.30854442249506137,
        0.29071541096746767,
        0.2740741666875047,
        0.2598959765947338,
        0.24701807906779025,
        0.23182716111125004,
        0.22083718836738267,
        0.21263534295216424,
        0.20032007201620364,
        0.1933685079142807,
        0.18597934535270436,
        0.18135330449351103,
        0.17535195418969268,
        0.1696381685879323,
        0.1653872121227276,
        0.16312420294566277,
        0.157510439848966,
        0.1559100797679478,
        0.1531344552524318,
        0.15137155860068516,
        0.1493336000600135,
        0.1480583131204521,
        0.14635793053437024,
        0.1416818784226451
    ],
    "val_wer": [
        0.5892128112241964,
        0.9876947846587315,
        0.4299350238629176,
        0.4065896153182681,
        0.378759128284745,
        0.9971824506928871,
        0.3741590477833362,
        0.3420159852797424,
        0.6221033868092691,
        0.3348283594962912,
        0.33270082226438963,
        0.31573802541544477,
        0.321890633086079,
        0.33500086251509403,
        0.31901558277269854,
        0.3295382669196711,
        0.32344316025530445,
        0.32689322063136106,
        0.4058421022367891,
        0.3228681501926284,
        0.3262607095624173,
        0.3255131964809384,
        0.3307457880512909,
        0.32447817836812143,
        0.3278132367316428,
        0.33471335748375597,
        0.4280374906560865,
        0.3321833132079811,
        0.3302282789948824,
        0.3212006210108677
    ]
}