{
    "train_loss": [
        2.0753631587221544,
        1.011967679306661,
        0.8183671697269103,
        0.7167915607601811,
        0.6503625342585185,
        0.6007621579115072,
        0.5636383380251226,
        0.5274931158396473,
        0.5015421691878487,
        0.4746918334256462
    ],
    "val_loss": [
        1.9020920915679855,
        1.6344270984252374,
        1.5994999024656031,
        2.2258870829116333,
        1.9680867897166119,
        1.6853337736277432,
        1.4557027421095274,
        1.729283551474313,
        1.9204501767496724,
        1.5559787535286331
    ],
    "train_cer": [
        0.6070323147872754,
        0.3184544334371599,
        0.2620089619851026,
        0.23164214813095874,
        0.210557623733899,
        0.1966243843129308,
        0.18538758461100996,
        0.17510189273726218,
        0.16704525769792686,
        0.15969786801499547
    ],
    "val_cer": [
        0.5726186275562647,
        0.4932267615789393,
        0.48486568583833206,
        0.6672138441004556,
        0.5868094441802311,
        0.5292330822453707,
        0.45875458325023394,
        0.533068438089686,
        0.556586840127027,
        0.4852492214227636
    ],
    "train_wer": [
        0.7626780177623627,
        0.5515660307951022,
        0.4878343580850281,
        0.45075936728151766,
        0.42013505701823534,
        0.3996137474381208,
        0.38379578538020914,
        0.3676099637395554,
        0.356166903147827,
        0.343948709863892
    ],
    "val_wer": [
        0.7606047354282501,
        0.6990066845754982,
        0.7106890735303305,
        0.8062097832198413,
        0.7755357031298806,
        0.7330542887486725,
        0.6672080964577997,
        0.7241206971949772,
        0.772537015055913,
        0.6870744049478353
    ]
}