{
    "overall_cer": 0.01818181818181818,
    "overall_wer": 0.034482758620689655,
    "mean_cer": 0.021551724137931036,
    "mean_wer": 0.034482758620689655,
    "median_cer": 0.0,
    "median_wer": 0.0,
    "min_cer": 0.0,
    "min_wer": 0.0,
    "max_cer": 1.0,
    "max_wer": 1.0,
    "std_cer": 0.1336206896551724,
    "std_wer": 0.18246560765962697
}