{
    "overall_cer": 0.07948105475153389,
    "overall_wer": 0.2537037037037037,
    "mean_cer": 0.09051442613171008,
    "mean_wer": 0.2537037037037037,
    "median_cer": 0.0,
    "median_wer": 0.0,
    "min_cer": 0.0,
    "min_wer": 0.0,
    "max_cer": 2.0,
    "max_wer": 2.0,
    "std_cer": 0.20601623031655963,
    "std_wer": 0.43560263665922855
}