{
    "overall_cer": 0.49110320284697506,
    "overall_wer": 0.8029556650246306,
    "mean_cer": 0.5225492542075457,
    "mean_wer": 0.8015075376884422,
    "median_cer": 0.42857142857142855,
    "median_wer": 1.0,
    "min_cer": 0.0,
    "min_wer": 0.0,
    "max_cer": 1.0,
    "max_wer": 1.0,
    "std_cer": 0.39282892722202695,
    "std_wer": 0.3972869533599328
}