{
    "train_loss": [
        2.7703436369732986,
        1.8209708532442053,
        1.3204106833074065,
        1.0714390001186787,
        0.9245914153130852,
        0.8238560759118474,
        0.7481787746342615,
        0.6897756572763288,
        0.6385209224597967,
        0.594496412188385
    ],
    "val_loss": [
        2.221144070942723,
        1.5460839959375363,
        1.2877092658056375,
        1.1356957097828908,
        1.0472148499092195,
        1.0279881996537987,
        0.9873221218159147,
        0.9784121281125068,
        0.968842072585234,
        0.9901212621501567
    ],
    "train_cer": [
        0.8429921070407418,
        0.6429322698349542,
        0.5115094089379513,
        0.615138813064251,
        0.47727882595700977,
        0.5528464312041775,
        0.5288992113209526,
        0.5593236545110776,
        0.5931933636220633,
        0.6445114785650174
    ],
    "val_cer": [
        0.7445312726955814,
        0.5491241321209657,
        0.48184353484588793,
        0.46174069662725503,
        0.6873601952183134,
        0.4682624989106121,
        0.5488626790227464,
        0.5801208494320658,
        0.5991052493972053,
        0.6497545245911164
    ],
    "train_wer": [
        0.8688096872854378,
        0.7206541414393608,
        0.6369140503089695,
        0.6640659134885463,
        0.5936333562199613,
        0.6033456088883341,
        0.5874539666687473,
        0.6008988202983584,
        0.6177142500468136,
        0.6610573622120967
    ],
    "val_wer": [
        0.7921943950942747,
        0.6632471774886813,
        0.6236460542151413,
        0.5839303111926185,
        0.7284085047853746,
        0.5768811966301793,
        0.6164823199037194,
        0.6533898790761649,
        0.6354518883603645,
        0.683076394062697
    ]
}