{
    "learning_rate": {
        "24": {
            "train_loss": [
                4.167555818472501,
                4.0483001352735375,
                4.035079766949394
            ],
            "val_loss": [
                4.004765110096891,
                4.046898636205502,
                3.996413012971168
            ],
            "train_cer": [
                1.0000032684117806,
                1.0,
                1.0
            ],
            "val_cer": [
                1.0,
                1.0,
                1.0
            ],
            "train_wer": [
                1.0,
                1.0,
                1.0
            ],
            "val_wer": [
                1.0,
                1.0,
                1.0
            ],
            "epoch_times": [
                350.7387981414795,
                347.0235438346863,
                356.1637170314789
            ],
            "total_time": 1053.9260590076447
        },
        "36": {
            "train_loss": [
                4.153771509231704,
                4.066008328363597,
                4.057033112748564
            ],
            "val_loss": [
                4.020480926605178,
                4.009173995551319,
                4.013789144174747
            ],
            "train_cer": [
                0.9999869263528773,
                1.0,
                1.0
            ],
            "val_cer": [
                1.0,
                1.0,
                1.0
            ],
            "train_wer": [
                1.0,
                1.0,
                1.0
            ],
            "val_wer": [
                1.0,
                1.0,
                1.0
            ],
            "epoch_times": [
                563.2771759033203,
                560.0725178718567,
                559.8370115756989
            ],
            "total_time": 1683.1867053508759
        },
        "48": {
            "train_loss": [
                4.143731769126547,
                4.057351701643189,
                4.044687216364623
            ],
            "val_loss": [
                4.021784565557187,
                4.018743008509211,
                4.082744752091804
            ],
            "train_cer": [
                1.0000032684117806,
                1.0,
                1.0
            ],
            "val_cer": [
                1.0,
                1.0,
                1.0
            ],
            "train_wer": [
                1.0,
                1.0,
                1.0
            ],
            "val_wer": [
                1.0,
                1.0,
                1.0
            ],
            "epoch_times": [
                561.8076746463776,
                561.605092048645,
                562.9492435455322
            ],
            "total_time": 1686.3620102405548
        },
        "64": {
            "train_loss": [
                4.143709625706437,
                4.069172783604932,
                4.056807992736624
            ],
            "val_loss": [
                4.088637293129787,
                4.034282978864266,
                4.000310321261679
            ],
            "train_cer": [
                1.0,
                1.0,
                1.0
            ],
            "val_cer": [
                1.0,
                1.0,
                1.0
            ],
            "train_wer": [
                1.0,
                1.0,
                1.0
            ],
            "val_wer": [
                1.0,
                1.0,
                1.0
            ],
            "epoch_times": [
                742.3620986938477,
                742.0285880565643,
                742.5844483375549
            ],
            "total_time": 2226.975135087967
        }
    }
}