{
    "train_loss": [
        1.906208037694844,
        0.8092362769348828,
        0.632324265703644,
        0.5341511776908094,
        0.4681400648260169,
        0.4150710983555453,
        0.3754630388897895,
        0.3398317433816327,
        0.3032106281075778,
        0.27203838080530307,
        0.2475322464422608,
        0.216312844862107,
        0.19910073816012708,
        0.17919635703494288,
        0.16949186009733574,
        0.15732795772522185,
        0.14316535107776512,
        0.13280672683044054,
        0.12965075275292223,
        0.12224826757946226,
        0.11601298980648653,
        0.1104768767312093,
        0.10276142600384396,
        0.09513654348885346,
        0.09669232688394835
    ],
    "val_loss": [
        1.6745253071778392,
        0.8088815864072744,
        0.9560979144731682,
        0.6213067007056594,
        0.5596930152512127,
        0.5431213784841229,
        1.3853408556770819,
        0.5311919250688323,
        0.5321692503869222,
        0.5204444100669899,
        0.5380818445486957,
        0.5555529595974305,
        0.5581537480294175,
        0.6011196159892724,
        0.5973797854434604,
        0.5988823126890357,
        0.6430901519063901,
        0.706365564307275,
        0.6482251552240422,
        0.6882162980775784,
        0.6816495946441572,
        0.7053633410293004,
        0.7488427784578583,
        0.7241701986671215,
        0.7392244992753796
    ],
    "train_cer": [
        0.5562228153420324,
        0.23515964808224596,
        0.184911279161724,
        0.15807878608145512,
        0.13891978054567022,
        0.12472815342032424,
        0.11547919137999209,
        0.10566491202056148,
        0.09668470739422697,
        0.08910698398576512,
        0.08304913009094504,
        0.07507599347568208,
        0.0713133896797153,
        0.06587954725187821,
        0.06362754547251878,
        0.06096777382364571,
        0.05748010577303282,
        0.05554937722419929,
        0.054665875840253064,
        0.05251272736259391,
        0.05089091538157375,
        0.049933274021352315,
        0.04768127224199288,
        0.046133600237247926,
        0.045982231119019376
    ],
    "val_cer": [
        0.3377980528187489,
        0.23297673876289862,
        0.21209117938553024,
        0.16739054392817582,
        0.15025068501136826,
        0.14391068617734507,
        0.17765113974231914,
        0.14093744534483763,
        0.1348160671602635,
        0.12894245904506502,
        0.13226549291669096,
        0.1352387337491984,
        0.1291902291144406,
        0.13267358479566257,
        0.1267708272605375,
        0.12741211449892148,
        0.13149303328863757,
        0.13366466507316505,
        0.12658135603101497,
        0.13089547018014341,
        0.1262752871217863,
        0.12678540197050078,
        0.12455547134612022,
        0.1284760683262403,
        0.12798052818748906
    ],
    "train_wer": [
        0.761246280413093,
        0.5120152034207697,
        0.43376009602160487,
        0.389062539071291,
        0.35366707509189566,
        0.32777374909354606,
        0.3080318071566102,
        0.28810232302268013,
        0.2691855667525193,
        0.2534195193918632,
        0.24055412467805257,
        0.2226000850191293,
        0.21379810457352905,
        0.2009452126728514,
        0.19698182090970467,
        0.19099297341901927,
        0.18174089170063265,
        0.1775399464879598,
        0.17535195418969268,
        0.1701632867395164,
        0.16576229651671626,
        0.16362431547098097,
        0.1580105523742842,
        0.1539346352929409,
        0.15437223375259435
    ],
    "val_wer": [
        0.6659191535851877,
        0.5006612615720775,
        0.49928123742165487,
        0.3990569834972112,
        0.3681214421252372,
        0.35662124087171526,
        0.42855499971249494,
        0.3496636191133345,
        0.3397734460353056,
        0.33103329308262897,
        0.33534586855269966,
        0.3408659651543902,
        0.3294807659134035,
        0.3377034098096717,
        0.32321315623023406,
        0.32534069346213557,
        0.33287332528319247,
        0.3419584842734748,
        0.32614570754988215,
        0.3325858202518544,
        0.32614570754988215,
        0.32447817836812143,
        0.31970559484790984,
        0.3319533091829107,
        0.32580070151227647
    ]
}