{
    "train_loss": [
        2.6747462558978237,
        1.241597785777192,
        0.7259957776439193,
        0.5301598502117376,
        0.4107284646065069,
        0.32089013594945015,
        0.24838992975462232,
        0.19024362554002483,
        0.14985491937571366,
        0.1201824103908373,
        0.09749882037821887,
        0.08173896330346321,
        0.06850759538522391,
        0.06103327656035619,
        0.05170992906635334,
        0.046175638389287135,
        0.040614990665169166,
        0.036097059343664945,
        0.03327069037143794,
        0.02912560230643363,
        0.028522029208428522,
        0.02658832155618087,
        0.025178774555427393,
        0.02322773390280339,
        0.021458903668314072,
        0.021948422767408125,
        0.019036877195752654,
        0.01863794348611295,
        0.017955389806427663,
        0.017177202415221953,
        0.01553342268467631,
        0.014836219658441275,
        0.014835171353197257,
        0.014469345482234554,
        0.014634803411253712,
        0.013666484740294076,
        0.012929687910580615,
        0.01180050493000514,
        0.012686781832896843,
        0.012597160126671251,
        0.01199376933448148,
        0.010180212945789704,
        0.011315274545413406,
        0.009751204052555867,
        0.009567350478523005,
        0.009131543355529693,
        0.008978157947164842,
        0.00997221120557726,
        0.010514267098536341,
        0.009218255155484916,
        0.00854691482474284,
        0.008906743101241506,
        0.00979089982113677,
        0.0098173342196813,
        0.007617108886084777,
        0.007940779502790546,
        0.009163448585765547,
        0.008647015217150498,
        0.007059482780032646,
        0.007940090898508197,
        0.008027424728667324,
        0.006736491364441997,
        0.007935374793550044,
        0.007518018157925665,
        0.007049539558578091,
        0.006879366999814372
    ],
    "val_loss": [
        1.709521664523411,
        0.9312931387045275,
        0.6790873291420525,
        0.5842669024981599,
        0.5535285148112432,
        0.5331105292876666,
        0.546430063711806,
        0.5514128965824593,
        0.570346924107706,
        0.6134961879867334,
        0.6265626604879286,
        0.6637990172853335,
        0.7020906749291581,
        0.7013068540197592,
        0.7125784850733357,
        0.7521080888552893,
        0.7508283112632592,
        0.7727437823471126,
        0.784228639241504,
        0.7865864799263934,
        0.8345577263984372,
        0.8335969712599858,
        0.8401995338706952,
        0.8373766608066938,
        0.8619130775067992,
        0.8620320420171769,
        0.8580259100154094,
        0.8934478965463656,
        0.888928041888059,
        0.8811372589342132,
        0.8948072360994931,
        0.9328331144038031,
        0.9212905923839504,
        0.9206919891755594,
        0.903434160001936,
        0.9241189156458594,
        0.9724961004889435,
        0.947213611777953,
        0.9461808799138468,
        0.9760191801526188,
        0.98149119544732,
        0.9806568167533832,
        0.9871453391555067,
        0.9861712349891483,
        0.9893907993972854,
        0.996697016067151,
        1.0057489548219927,
        0.9949812276463236,
        1.0166480174085781,
        1.00130918218118,
        1.041725652691635,
        1.0202379803358226,
        1.0431054093828023,
        1.0159360935618549,
        1.041587923916959,
        1.0125715515240636,
        1.0276467056605472,
        1.0392880256158206,
        1.0500766300174027,
        1.0465868006038697,
        1.0401172245219843,
        1.057755585913689,
        1.078851934341589,
        1.0467544695920272,
        1.053085484641486,
        1.058120308796246
    ],
    "train_cer": [
        0.802985150984179,
        0.4263848210060496,
        0.22444268228733677,
        0.15705296276874672,
        0.11913105759269443,
        0.09173839640861013,
        0.0690268203153977,
        0.05211863864836865,
        0.040195301009119166,
        0.0319362553877243,
        0.025749165462289128,
        0.021877038382339776,
        0.018660391113612236,
        0.01653727601775231,
        0.014510084796705335,
        0.013419750086331486,
        0.011884968089324313,
        0.010804225766431759,
        0.010062414467878292,
        0.008821799020297491,
        0.00864593858314042,
        0.008460485758502053,
        0.007952089221993426,
        0.007590775960197987,
        0.007072787036208066,
        0.007047207336257946,
        0.00616470768797882,
        0.0062574341002980035,
        0.005960070088377864,
        0.005477253251819356,
        0.005058385665136148,
        0.005016818652717203,
        0.004799391203141187,
        0.004997633877754614,
        0.004591556141046465,
        0.004479644953764693,
        0.004441275403839513,
        0.004099146917006664,
        0.004313376904088915,
        0.004175886016857022,
        0.004041592592118895,
        0.003571565605535447,
        0.0037857955926176986,
        0.0033829153184033152,
        0.003258214281146482,
        0.0032454244311714226,
        0.003091946231470705,
        0.0033733229309220202,
        0.0034084950183534348,
        0.0029512578817450473,
        0.0029960223566577564,
        0.0030120096691265814,
        0.002960850269226342,
        0.003133513243889649,
        0.0026187217823934925,
        0.0028521365444383337,
        0.002964047731720107,
        0.0027817923695755047,
        0.002721040582193971,
        0.0028905060943635132,
        0.0026762761072812616,
        0.002267000908079348,
        0.0024460588077301853,
        0.002589944619949608,
        0.002417281645286301,
        0.0022957780705232327
    ],
    "val_cer": [
        0.6093611657187449,
        0.292255053498807,
        0.19997899065083963,
        0.16270240256914326,
        0.15222774134489847,
        0.1377162837462671,
        0.14232333388357818,
        0.1325089664900881,
        0.13201374611702207,
        0.13318426699881447,
        0.13241892642225792,
        0.1360055224574936,
        0.13749118357669163,
        0.13114335879466363,
        0.13265903326980508,
        0.1323438930323994,
        0.13051307831985234,
        0.13274907333763525,
        0.13438480123655028,
        0.1277818629290034,
        0.1336644806939088,
        0.1313084322523523,
        0.13049807164188063,
        0.13060311838768252,
        0.13063313174362592,
        0.12935756411603164,
        0.1295526509296637,
        0.1341296877110314,
        0.12695649564056005,
        0.12818704323423924,
        0.12713657577622042,
        0.12854720350555998,
        0.12679142218287137,
        0.12932755076008823,
        0.12512568092801296,
        0.12484055404655071,
        0.12994282455692782,
        0.12635622852169215,
        0.1262061617419752,
        0.12910245059051279,
        0.12802196977655056,
        0.12359499977489984,
        0.1278568963188619,
        0.12617614838603178,
        0.12467548058886205,
        0.12296471930008854,
        0.12643126191155063,
        0.12517070096192806,
        0.12275462580848477,
        0.12350495970706965,
        0.12796194306466377,
        0.12449540045320168,
        0.1272716358779657,
        0.12392514669027717,
        0.12545582784339032,
        0.12164413163857916,
        0.12377507991056019,
        0.12586100814862614,
        0.12461545387697526,
        0.1243153203175413,
        0.12446538709725828,
        0.12339991296126776,
        0.12478052733466392,
        0.12398517340216396,
        0.12368503984273002,
        0.12556087458919218
    ],