{
    "overall_cer": 1.2209538268397004,
    "overall_wer": 0.8635013073449014,
    "mean_cer": 1.1071027710051315,
    "mean_wer": 0.8634904594899839,
    "median_cer": 1.0,
    "median_wer": 1.0,
    "min_cer": 0.0,
    "min_wer": 0.0,
    "max_cer": 27.0,
    "max_wer": 2.0,
    "std_cer": 0.8196860357438408,
    "std_wer": 0.34399907658642204
}