{
    "train_loss": [
        1.6687569180108923,
        0.7695479742430008,
        0.5663324574436278,
        0.45322108008008416,
        0.36728837701259737,
        0.296620747902141,
        0.24028055257607642,
        0.19480325176743873,
        0.1604517811290623,
        0.1333039368083896,
        0.11245263747214725,
        0.09515864449614098,
        0.08778685992700071,
        0.07499209842667082,
        0.0707417044247561,
        0.06459743234328204,
        0.06134517130980018,
        0.0594532575069497,
        0.05489492358826161,
        0.05409686452107479,
        0.05254515695434594,
        0.04697818881010494,
        0.04775493200921753,
        0.04571774825059018,
        0.04485706676691796,
        0.04511580650342384,
        0.04214521255403161
    ],
    "val_loss": [
        1.0202747117804822,
        0.7311978976956742,
        0.6866531151591857,
        0.6439848730005973,
        0.6496256830313308,
        0.657391171883638,
        0.6855714588757267,
        0.7535294069181684,
        0.7972884567828565,
        0.8260650182266418,
        0.8477070587222494,
        0.8933102610737043,
        0.9124990826840026,
        0.9742317331970336,
        0.9889770176168403,
        1.0378799467403796,
        1.0549247877137296,
        1.0636303982246385,
        1.1469562778243088,
        1.1265120972226408,
        1.142478652735935,
        1.162109948239682,
        1.158410423869174,
        1.1599698266933642,
        1.1924636361644243,
        1.217362073866337,
        1.2579783080716256
    ],
    "train_cer": [
        0.5124717392578336,
        0.24268613534929198,
        0.17793240863259646,
        0.14550002621733243,
        0.14578070589396477,
        0.12041466566732364,
        0.10473978526462542,
        0.09387655646133869,
        0.07911465610570828,
        0.06549089641686176,
        0.06012713864033829,
        0.05635801155413262,
        0.05515509865427975,
        0.05088321566377659,
        0.052656741093046855,
        0.04866245338712513,
        0.0512749334542415,
        0.04507530543192284,
        0.044526283646861786,
        0.04329252682649986,
        0.04430729181124755,
        0.040713975071943444,
        0.04008167470150796,
        0.03920262296700009,
        0.03956658122900686,
        0.04166705221567303,
        0.04194773189230537
    ],
    "val_cer": [
        0.31311913546175524,
        0.21221276472126194,
        0.19184847340440983,
        0.17749760334659967,
        0.1730964761932429,
        0.17004619004735205,
        0.1742003892746129,
        0.175057374429887,
        0.17890654504255876,
        0.1749411730529007,
        0.17802050954303808,
        0.1728059727507771,
        0.17987973157481915,
        0.1868518141939982,
        0.1718037358742701,
        0.17517357580687332,
        0.17653894198646253,
        0.17665514336344887,
        0.22358597449379775,
        0.17802050954303808,
        0.17963280364872325,
        0.1785724660837231,
        0.17428754030735263,
        0.1774104523138599,
        0.17713447404351743,
        0.1760450861342707,
        0.1789791709031752
    ],
    "train_wer": [
        0.7326633793146495,
        0.5130016852880595,
        0.4165782410586106,
        0.3624118344672617,
        0.38796579489420135,
        0.3313026652518569,
        0.29714749391423756,
        0.27716122589101805,
        0.2395480931277698,
        0.20252169028150552,
        0.1898008863366831,
        0.18119967542600338,
        0.1791024280631671,
        0.16714312464889833,
        0.17600649147993258,
        0.1610136695587042,
        0.16790462517945198,
        0.1535235004057175,
        0.15140128581237125,
        0.1482803819986268,
        0.15311154110230324,
        0.1410149179202297,
        0.13945446601335748,
        0.13659571811996754,
        0.13813120279632982,
        0.14515947818488234,
        0.14662006116971474
    ],
    "val_wer": [
        0.6054788240013754,
        0.46111525015760213,
        0.4329761017823371,
        0.41051063098171814,
        0.40437847441114105,
        0.3973866697231933,
        0.4093071236173993,
        0.41297495558484726,
        0.4152100406900109,
        0.41068256060519226,
        0.4165854776778039,
        0.4060404607713909,
        0.42048254914321737,
        0.43154335492005275,
        0.4056392916499513,
        0.4101667717347699,
        0.41211530746747665,
        0.41400653332569204,
        0.4917760330104877,
        0.4152100406900109,
        0.41549659006246775,
        0.41274571608688176,
        0.41073987047968363,
        0.4164135480543298,
        0.4134907444552696,
        0.41188606796951116,
        0.41962290102584676
    ]
}