{
    "optimizer": {
        "Adam": {
            "train_loss": [
                2.3885012945706707,
                1.4541334552194576,
                1.114013586822394,
                0.9418009766031333
            ],
            "val_loss": [
                1.7474964460055835,
                1.311025757530378,
                1.143072596081045,
                1.040467652949777
            ],
            "train_cer": [
                0.7735161760941109,
                0.54443529408136,
                0.46083901632568713,
                0.397433168935237
            ],
            "val_cer": [
                0.6323678935595387,
                0.47446474740725675,
                0.4516311768294454,
                0.3843796298986143
            ],
            "train_wer": [
                0.8141813869296548,
                0.6665751201547968,
                0.6078397103801261,
                0.5596279882654016
            ],
            "val_wer": [
                0.7085219783368675,
                0.6178004470170211,
                0.615966531033297,
                0.5565361911857413
            ]
        },
        "SGD": {
            "train_loss": [
                3.3601703023810465,
                2.944066725736804,
                2.662937663781414,
                2.4526090803120635
            ],
            "val_loss": [
                3.047756333897739,
                2.786839126359149,
                2.6374286933230984,
                2.3781409438436563
            ],
            "train_cer": [
                0.923661296740106,
                0.8752949449898678,
                0.8268298926940005,
                0.7968496019592058
            ],
            "val_cer": [
                0.9014467071434796,
                0.842794062109636,
                0.8186096505243587,
                0.7739592714173663
            ],
            "train_wer": [
                0.9279820235940328,
                0.894113975407278,
                0.8574620810186631,
                0.8334061544223207
            ],
            "val_wer": [
                0.911800103157774,
                0.8626855407186659,
                0.8496761992091237,
                0.8153475843887902
            ]
        },
        "RMSprop": {
            "train_loss": [
                2.139406650582497,
                1.2963117417871213,
                1.0219666228942694,
                0.8785171083162177
            ],
            "val_loss": [
                1.5872595096596003,
                1.2681145886852176,
                1.0720824787976249,
                0.9922835441843174
            ],
            "train_cer": [
                0.8103438171819144,
                0.6740877139411436,
                0.7708975272428928,
                0.7665176905306079
            ],
            "val_cer": [
                0.7273334689016064,
                0.5665252883246666,
                0.5850158324376143,
                0.6933445661331087
            ],
            "train_wer": [
                0.9851320142313214,
                0.9345484052181512,
                0.8751139129892017,
                0.7428749765932214
            ],
            "val_wer": [
                0.9933520545590006,
                0.681700957074904,
                0.6446787781534759,
                0.6751676313828873
            ]
        }
    }
}