{
    "num_filters_with_hidden_size": {
        "filters_24_hidden_128": {
            "train_loss": [
                3.5196383132543474,
                2.1232637745599514,
                1.5581000263069205,
                1.198495338930818,
                0.9894270017884131
            ],
            "val_loss": [
                2.4574012030725894,
                1.8224126287009466,
                1.3785820193197773,
                1.1313205167599047,
                0.9622937547250547
            ],
            "train_cer": [
                0.9108409950352825,
                0.6820162178592557,
                0.4967789801901562,
                0.38099549286015444,
                0.31576453054167386
            ],
            "val_cer": [
                0.7866314836690548,
                0.5716214350367427,
                0.42606201003329086,
                0.352576592056211,
                0.30130555512940493
            ],
            "train_wer": [
                0.9341531346891586,
                0.80119817121236,
                0.7085632455725471,
                0.6319564874664985,
                0.5732697461768879
            ],
            "val_wer": [
                0.8570000624726682,
                0.7477353657774723,
                0.6636471543699631,
                0.6157930905228962,
                0.5648153932654464
            ],
            "epoch_times": [
                308.78905057907104,
                285.17775654792786,
                284.97291469573975,
                292.24719190597534,
                292.93216371536255
            ],
            "total_time": 1464.1190774440765
        },
        "filters_36_hidden_256": {
            "train_loss": [
                2.9307907359018435,
                1.6874756109482607,
                1.0939715179946707,
                0.7832942045974368,
                0.6184884751389894
            ],
            "val_loss": [
                2.0403334311638277,
                1.3616637128969837,
                0.9505880077121438,
                0.7659819163419288,
                0.6977387323681412
            ],
            "train_cer": [
                0.8371513830284449,
                0.5787311371785109,
                0.3632120643615648,
                0.25185073817080067,
                0.19923911373746156
            ],
            "val_cer": [
                0.6908396361014375,
                0.4758142460457481,
                0.31190647868309224,
                0.24296212202568154,
                0.21830845465842322
            ],
            "train_wer": [
                0.8788428188554311,
                0.7316595722318566,
                0.6098980503442115,
                0.5001576541068895,
                0.4320379420883914
            ],
            "val_wer": [
                0.7870931467482977,
                0.698506903229837,
                0.5746860748422565,
                0.4980321109514587,
                0.46866995689385893
            ],
            "epoch_times": [
                604.8268001079559,
                604.8155345916748,
                607.8398592472076,
                606.477062702179,
                607.8489258289337
            ],
            "total_time": 3031.808182477951
        },
        "filters_48_hidden_512": {
            "train_loss": [
                2.445592813887932,
                1.0701460808108156,
                0.6943409605020291,
                0.5216744765459113,
                0.4049395566300874
            ],
            "val_loss": [
                1.4578827258826852,
                0.8676928963469362,
                0.6675375737994537,
                0.6225403651785011,
                0.5716306491355146
            ],
            "train_cer": [
                0.7337519079353769,
                0.3540964639052945,
                0.2237456652688759,
                0.1693887089446625,
                0.13489715942332142
            ],
            "val_cer": [
                0.5059448015586886,
                0.2856266204378442,
                0.2070785327462682,
                0.18981943144684965,
                0.173496156973444
            ],
            "train_wer": [
                0.8237952598665195,
                0.6028298912186663,
                0.4649088233748489,
                0.38750065689211205,
                0.33019338903778445
            ],
            "val_wer": [
                0.7041294433685262,
                0.5514462422690073,
                0.45473855188355095,
                0.43818329480852125,
                0.4090710314237521
            ],
            "epoch_times": [
                878.2764356136322,
                878.4408943653107,
                875.5495104789734,
                875.9679391384125,
                877.386373758316
            ],
            "total_time": 4385.621153354645
        },
        "filters_64_hidden_1024": {
            "train_loss": [
                2.1519109055556584,
                0.8098939587014456,
                0.5393709052103395,
                0.38864968893667595,
                0.26987044623652406
            ],
            "val_loss": [
                1.0896098170055264,
                0.7049713887326393,
                0.6116858933107934,
                0.5532625837694632,
                0.575932213773384
            ],
            "train_cer": [
                0.6364610944603689,
                0.26101863321556157,
                0.17556927562189706,
                0.12982131592795113,
                0.09484930987485252
            ],
            "val_cer": [
                0.3543868800147278,
                0.22547289937560408,
                0.19344000736388323,
                0.16915453415767914,
                0.16729822192903057
            ],
            "train_wer": [
                0.7670397813863051,
                0.5012349571706343,
                0.39334699668926376,
                0.3198276315098008,
                0.25543906668768723
            ],
            "val_wer": [
                0.6044230649091022,
                0.47447991503717124,
                0.4316861373149247,
                0.39907540451052664,
                0.4026363465983632
            ],
            "epoch_times": [
                1882.1484882831573,
                1880.2309579849243,
                1879.8066549301147,
                1879.541100025177,
                1881.9097037315369
            ],
            "total_time": 9403.63690495491
        }
    }
}