{
    "train_loss": [
        2.3648393939165095,
        1.4004762265384554,
        1.0148681821100574,
        0.8208506263034652,
        0.6963617517292756,
        0.6093167672505145,
        0.5375646294080105,
        0.4825534800661811,
        0.4349362774464346,
        0.3954523437948012,
        0.3610475344332043,
        0.33195356345419746,
        0.30621416327048673,
        0.28258119015813454,
        0.26377822095576636,
        0.24759392801629973,
        0.23223436408587617,
        0.21796239907260295
    ],
    "val_loss": [
        1.7175942593818405,
        1.2248649168162036,
        0.9720616362387985,
        0.8939616481656606,
        0.821937410556135,
        0.7799084613348958,
        0.8244554984548038,
        0.7909645033640894,
        0.7866847169979054,
        0.8116166076281873,
        0.8185118532399831,
        0.8445833468951428,
        0.825908222652743,
        0.8858679740087451,
        0.8610295100317069,
        0.885515830135118,
        0.9156512820072673,
        0.9120458062485503
    ],
    "train_cer": [
        0.7589917739264003,
        0.5208767075965491,
        0.4774484675198095,
        0.5748412309191797,
        0.5916295768522546,
        0.5325418783330712,
        0.6507697100363032,
        0.7149374022633269,
        0.7234749994602314,
        0.7836083068846715,
        0.7661537322686012,
        0.7586309000564444,
        0.795452372360146,
        0.7764401797583688,
        0.7861683522869225,
        0.7784450345914569,
        0.8002393488231502,
        0.8357098574085555
    ],
    "val_cer": [
        0.5938035615722046,
        0.6296371612003602,
        0.5738605002469279,
        0.6522238038520757,
        0.46184237283211804,
        0.5732359178456264,
        0.7691514394445574,
        0.815268860936002,
        0.7696017197803794,
        0.7398541672718821,
        0.8180431688115504,
        0.8437236731255265,
        0.8398890276849781,
        0.8669348981785434,
        0.875940504894983,
        0.8219068645963454,
        0.8795427475815588,
        0.9573395694738983
    ],
    "train_wer": [
        0.7995630734660758,
        0.6942263279445727,
        0.710442544160789,
        0.8856625678796579,
        0.8756756756756757,
        0.7998501966169402,
        0.9280069908245427,
        0.9689157980151052,
        0.9657574433555958,
        0.9983271955558329,
        0.9882154671993009,
        0.996080144809937,
        0.99716621933712,
        0.9868672367517634,
        0.9722988577492042,
        0.9951938081268336,
        0.9901004931028026,
        0.9545721240871357
    ],
    "val_wer": [
        0.6838787323055763,
        0.926929910023497,
        0.9036047911055075,
        0.9973637457733967,
        0.7626798097312167,
        0.8658948936901828,
        0.9937532236804402,
        0.9903146312109576,
        0.9979941543928019,
        0.9985672531377157,
        0.9987391827611898,
        0.9971345062754312,
        0.9958163791621296,
        0.9970771964009398,
        0.9942117026763712,
        0.9994842111295776,
        0.9976502951458537,
        0.9843544042638547
    ]
}