{
    "optimizer_with_lr": {
        "Adam_lr_0.0001": {
            "train_loss": [
                2.9985461870202506,
                2.2701629428332035,
                1.8815596178095675,
                1.581261303676165,
                1.296926266431307
            ],
            "val_loss": [
                2.513849411411085,
                2.055750856245833,
                1.7344859315120595,
                1.485146603216117,
                1.2167716624884533
            ],
            "train_cer": [
                0.8975631120001046,
                0.959341621890157,
                1.0532938515642363,
                0.9829457060307749,
                0.7558732399890183
            ],
            "val_cer": [
                0.8371661322737524,
                0.970191614377982,
                1.2521362932052835,
                0.9722320236871577,
                0.4758295874691254
            ],
            "train_wer": [
                0.9322358999960587,
                0.9502345074030768,
                0.9767200493976379,
                0.9851675709762602,
                0.9418526741726553
            ],
            "val_wer": [
                0.9009808208908603,
                0.9900043730867746,
                0.9921909164740426,
                0.9894421190729056,
                0.7219341538077091
            ]
        },
        "Adam_lr_0.001": {
            "train_loss": [
                2.4806002893689802,
                1.2264369898304328,
                0.7912663157547498,
                0.6260635737114274,
                0.5365812584021364
            ],
            "val_loss": [
                1.5870542956524525,
                1.0300988224872585,
                0.7531978575627263,
                0.7139321046191147,
                0.6867046374855549
            ],
            "train_cer": [
                0.7553306924997713,
                0.37652142082075013,
                0.25126158633041795,
                0.20469728464786707,
                0.17949170490645958
            ],
            "val_cer": [
                0.5117131767485388,
                0.30139760366966845,
                0.231348664529095,
                0.21774082199346456,
                0.2029210070110305
            ],
            "train_wer": [
                0.841086748032634,
                0.6255895529251021,
                0.49752354927283,
                0.43444959733042554,
                0.3978480497129419
            ],
            "val_wer": [
                0.7214343724620479,
                0.5647529205972387,
                0.4840382332729431,
                0.4629224714187543,
                0.43899543949522085
            ]
        },
        "SGD_lr_0.0001": {
            "train_loss": [
                3.8012940820710015,
                3.5869230675772537,
                3.4844190781048794,
                3.4411272078533153,
                3.382752015049149
            ],
            "val_loss": [
                3.5511446229104457,
                3.519829575625853,
                3.434517230110607,
                3.384523740832297,
                3.3444585729872567
            ],
            "train_cer": [
                1.0010491430364357,
                1.0,
                1.0,
                0.999846387156659,
                0.9950092167706005
            ],
            "val_cer": [
                1.0,
                1.0,
                1.0,
                1.0,
                0.9653590660141448
            ],
            "train_wer": [
                1.0,
                1.0,
                1.0,
                1.0,
                0.9990672254555487
            ],
            "val_wer": [
                1.0,
                1.0,
                1.0,
                1.0,
                0.9994377459861311
            ]
        },
        "SGD_lr_0.001": {
            "train_loss": [
                3.458122533177477,
                3.319673288532863,
                3.371773427969274,
                3.2741172489433006,
                3.1934332085458013
            ],
            "val_loss": [
                3.229143576643456,
                3.4563051543791015,
                3.412416401652918,
                3.2347898522595773,
                3.1135178225925717
            ],
            "train_cer": [
                0.9937737773071341,
                0.984109241610124,
                0.9864820697859878,
                0.9359271025349387,
                0.9202683975892588
            ],
            "val_cer": [
                0.9550036052344937,
                1.0,
                0.9957811085712532,
                0.9320374944387341,
                0.9118481812742586
            ],
            "train_wer": [
                0.9913816887160556,
                0.9854303243690634,
                0.9778236136474112,
                0.9663675657211924,
                0.9652114507928584
            ],
            "val_wer": [
                0.977447366777035,
                1.0,
                0.9828200162428937,
                0.9592678203286062,
                0.9943774598613107
            ]
        },
        "RMSprop_lr_0.0001": {
            "train_loss": [
                2.9925377615242725,
                2.356375149804335,
                1.9713955930292169,
                1.649878300232842,
                1.345251306396303
            ],
            "val_loss": [
                2.5490412102646376,
                2.147659494482476,
                1.8062962330263415,
                1.5173913291816055,
                1.266565979837716
            ],
            "train_cer": [
                0.998663241427096,
                0.9946791125753357,
                1.019253899151534,
                1.075031703076179,
                0.8651638754886196
            ],
            "val_cer": [
                0.9779543746068761,
                0.893530521761809,
                1.0425724498718991,
                1.1369068622186767,
                0.7977233327708145
            ],
            "train_wer": [
                0.9767857377458387,
                0.9725554081217074,
                0.994390215063652,
                0.9868097796812801,
                0.9686403825689399
            ],
            "val_wer": [
                0.9907540451052664,
                0.9956269132254638,
                0.9951896045480102,
                0.9892547010682826,
                0.977822202786281
            ]
        },
        "RMSprop_lr_0.001": {
            "train_loss": [
                1.9020830509210735,
                1.018710781183372,
                0.892622528993745,
                0.8096138046766493,
                0.7558540870906584
            ],
            "val_loss": [
                1.1704899189823392,
                0.9626836386946277,
                0.9279362749846383,
                0.9261229485496767,
                0.872515082867562
            ],
            "train_cer": [
                0.5738877776470435,
                0.47467675935731,
                0.453131740989136,
                0.41106143206390294,
                0.21445660273757697
            ],
            "val_cer": [
                0.32875136155132473,
                0.43219857938419526,
                0.5700719512756394,
                0.24092171271650584,
                0.2429007563321725
            ],
            "train_wer": [
                0.7540890996754995,
                0.7238067711549325,
                0.7605528331384579,
                0.7207062811198549,
                0.48275680859729103
            ],