{
    "optimizer_with_lr": {
        "Adam_lr_0.0001": {
            "train_loss": [
                2.3146895571336636,
                0.8713316357474222,
                0.6065117547554909,
                0.49282773696512894,
                0.42571636303244736
            ],
            "val_loss": [
                1.2080464202543904,
                0.7440704665277553,
                0.5691590116716277,
                0.5040698898709502,
                0.47845641578706366
            ],
            "train_cer": [
                0.7113567504142712,
                0.2645256390562134,
                0.18034442523344632,
                0.1474642027199723,
                0.12905323915949524
            ],
            "val_cer": [
                0.3949956276943375,
                0.22917018240952394,
                0.16688400349784452,
                0.1439639169722167,
                0.13925409999539756
            ],
            "train_wer": [
                0.7943402175626675,
                0.5204030689999475,
                0.41346103315991384,
                0.3587681959115035,
                0.327526407062904
            ],
            "val_wer": [
                0.636534016367839,
                0.4884113200474792,
                0.4047604173174236,
                0.3642781283188605,
                0.3552195914287499
            ],
            "epoch_times": [
                572.085684299469,
                540.732519865036,
                538.7689468860626,
                523.1696012020111,
                528.0296633243561
            ],
            "total_time": 2702.786415576935
        },
        "Adam_lr_0.001": {
            "train_loss": [
                2.5899812522809462,
                1.3731655637799252,
                0.7907481409726835,
                0.6188994875099396,
                0.5327903311554691
            ],
            "val_loss": [
                1.866834580481261,
                1.8254619533571228,
                3.7577325927204397,
                0.5956846555664219,
                0.5544640904740207
            ],
            "train_cer": [
                0.8114387875499658,
                0.4591236080651329,
                0.2395517046401642,
                0.1859562882608454,
                0.16056726554865194
            ],
            "val_cer": [
                0.6401208904162128,
                0.43986929107282574,
                0.6858383320804504,
                0.1758894190202967,
                0.1651657640795913
            ],
            "train_wer": [
                0.8510168689894372,
                0.6610436701876083,
                0.4895816911030532,
                0.41625939355720215,
                0.3778574806873719
            ],
            "val_wer": [
                0.7489223464734179,
                0.8116449053539077,
                0.9747610420441057,
                0.4111951021428125,
                0.39076653963890795
            ],
            "epoch_times": [
                519.0230236053467,
                515.3057899475098,
                521.1209335327148,
                516.7863709926605,
                513.1113078594208
            ],
            "total_time": 2585.3474259376526
        },
        "SGD_lr_0.0001": {
            "train_loss": [
                3.5486428985460323,
                2.6749141444919236,
                2.1450415129541223,
                1.70882133430675,
                1.3054124178727218
            ],
            "val_loss": [
                2.9557893457322164,
                2.3483251203959252,
                1.8963212248446166,
                1.5225407270000673,
                1.1594837089439203
            ],
            "train_cer": [
                0.9327785749070954,
                0.8325200435352449,
                0.7630989773139538,
                0.6091633192682679,
                0.40895348723194935
            ],
            "val_cer": [
                0.8589509534694629,
                0.8118681251246491,
                0.7007655370265253,
                0.49158522927757237,
                0.35280671340686987
            ],
            "train_wer": [
                0.9455699195964055,
                0.8749146040254349,
                0.8233485732303326,
                0.7419990540753587,
                0.6477218981554469
            ],
            "val_wer": [
                0.8965452614481164,
                0.8564378084587992,
                0.7823452239645156,
                0.6930093084275629,
                0.6226650840257387
            ],
            "epoch_times": [
                512.2371780872345,
                518.6350164413452,
                511.3683671951294,
                518.0264840126038,
                522.1400353908539
            ],
            "total_time": 2582.4070811271667
        },
        "SGD_lr_0.001": {
            "train_loss": [
                2.618026971873425,
                1.0954586984043242,
                0.7293343383834534,
                0.5938734491086407,
                0.5146614831512878
            ],
            "val_loss": [
                1.7018099045050497,
                0.8066495351199208,
                0.6502206169323869,
                0.5966204385124687,
                0.5445803820282623
            ],
            "train_cer": [
                0.7988194496648243,
                0.32908004013609665,
                0.2136658833373099,
                0.17530780267944399,
                0.1525400462153426
            ],
            "val_cer": [
                0.6196400902075695,
                0.24090637129312858,
                0.19518892962889098,
                0.17630363745148275,
                0.1590752189988187
            ],
            "train_wer": [
                0.8638394030164486,
                0.5908481790950654,
                0.4619265331861895,
                0.4062614956119607,
                0.3687266803300226
            ],
            "val_wer": [
                0.7820953332916849,
                0.5095895545698756,
                0.44324358093334165,
                0.4183169863184857,
                0.39632660710938966
            ],
            "epoch_times": [
                515.1863613128662,
                514.3848757743835,
                515.0482940673828,
                517.9907917976379,
                515.4233906269073
            ],
            "total_time": 2578.033713579178
        },
        "RMSprop_lr_0.0001": {
            "train_loss": [
                1.7499109562411983,
                0.7027491014188334,
                0.535685500259326,
                0.44654354471664337,
                0.3868783777408286
            ],
            "val_loss": [
                1.0082494683604668,
                0.6277247817552966,
                0.5293949044531566,
                0.5172946699352741,
                0.48995115883510626
            ],
            "train_cer": [
                0.5594213603783513,
                0.20900512813808386,
                0.15845587153834337,
                0.13257331864726973,
                0.11720524645459032
            ],
            "val_cer": [
                0.3253148827148183,
                0.18211803691146464,
                0.15152723869720633,
                0.14971695073868954,
                0.1477685899697774
            ],
            "train_wer": [
                0.7114010194965579,
                0.4498528561669031,
                0.3753875663461033,
                0.3309159703610279,
                0.3020127174312891
            ],