{
    "train_loss": [
        2.03012835384042,
        1.1075269661961293,
        ...
    ],
    "val_loss": [
        1.091280639260918,
        0.7179277776093869,
        ...
    ],
    "train_cer": [
        0.6062996406052157,
        0.32864798495913644,
        ...
    ],
    "val_cer": [
        0.30963278659003257,
        0.2035055599741885,
        ...
    ],
    "train_wer": [
        0.7776026065479006,
        0.5737164328130748,
        ...
    ],
    "val_wer": [
        0.6112950584119448,
        0.4538014618604361,
        ...
    ]
}

