{
    "train_loss": [
        2.03012835384042,
        1.1075269661961293,
        0.9235957270666377,
        0.8254385185417191,
        0.7529088449308925,
        0.7022445813573497,
        0.6721705606604851,
        0.6318995404350018,
        0.6046509055967211,
        0.5809746628178658,
        0.5531695356128343,
        0.5329124296399383,
        0.5232622014290088,
        0.5037000084642544,
        0.4853867140744512,
        0.4715446722220735,
        0.4601185388988438,
        0.44636975893697906,
        0.4376872085532336,
        0.42756332721870655,
        0.41415755784415204,
        0.4058488176914263,
        0.3930695469082812,
        0.3838373499892096,
        0.3780260907390109,
        0.3705905317950731,
        0.36576631209870836,
        0.35416925999617005
    ],
    "val_loss": [
        1.091280639260918,
        0.7179277776093869,
        0.6408808811099737,
        0.5822513110518872,
        0.5206664128789118,
        0.5179522992144306,
        0.49220949132646713,
        0.470687377701079,
        0.45656265043741934,
        0.44760621877407636,
        0.4383484095420603,
        0.4306611700763146,
        0.4259404037789731,
        0.4129056878821491,
        0.40454367206122105,
        0.4133096662713782,
        0.3953523409955732,
        0.4082663748492408,
        0.4087278544335262,
        0.4230393217015941,
        0.41947132299982615,
        0.40775366550447284,
        0.39793831158241444,
        0.3981417623319692,
        0.4107569511214571,
        0.4092887817753142,
        0.4058297219901131,
        0.42678093903053266
    ],
    "train_cer": [
        0.6062996406052157,
        0.32864798495913644,
        0.27441262613989537,
        0.24380331768708352,
        0.22321165922723726,
        0.20855129369332498,
        0.19840894266310255,
        0.18666146546101015,
        0.1782265594024582,
        0.17060700627981634,
        0.16238952767084042,
        0.15647741951986904,
        0.15308171435149065,
        0.14806489569877346,
        0.14282745213398648,
        0.13793853198101985,
        0.1345236420376789,
        0.13091690434471204,
        0.12838771151214395,
        0.1260056019542891,
        0.12147479760062414,
        0.11880171895583665,
        0.11538043408750816,
        0.11309744586695998,
        0.11094555360865617,
        0.10978807218591326,
        0.10736759307813319,
        0.1047392789082584
    ],
    "val_cer": [
        0.30963278659003257,
        0.2035055599741885,
        0.17748398037126523,
        0.1555442171766436,
        0.13972717859447453,
        0.13908189144169156,
        0.12394015336824887,
        0.12135900475711692,
        0.11191980431291924,
        0.11541636028032475,
        0.10951873583744766,
        0.10542191275117427,
        0.1035310713267404,
        0.09634287257829734,
        0.09463211128952384,
        0.09785854705343879,
        0.09086543511862778,
        0.09305641010249562,
        0.0919909359665051,
        0.09325149691612768,
        0.08705373891381665,
        0.08966490088089199,
        0.08478773054009034,
        0.08547803772678841,
        0.0861533382355148,
        0.08546303104881672,
        0.08588321803202426,
        0.08681363206626949
    ],
    "train_wer": [
        0.7776026065479006,
        0.5737164328130748,
        0.5076856377108624,
        0.46393662304903044,
        0.4343764780072521,
        0.41017657259971624,
        0.3941878185926743,
        0.37353513059015186,
        0.3618950023648116,
        0.3479820274318146,
        0.33222975458510695,
        0.3247805980345788,
        0.31826422828314677,
        0.3088838089232224,
        0.29888591097798095,
        0.291804614010195,
        0.2854590362078932,
        0.2787193231383678,
        0.2717825424352304,
        0.26765725997162226,
        0.25938041935992434,
        0.25497924220925955,
        0.24776656681906564,
        0.24352304377529035,
        0.23958169110305325,
        0.23713805244626623,
        0.2332229754585107,
        0.22670660570707868
    ],
    "val_wer": [
        0.6112950584119448,
        0.4538014618604361,
        0.4132567001936653,
        0.3767101892921847,
        0.3429124757918411,
        0.3401012057224964,
        0.31542450178047104,
        0.3072405822452677,
        0.28774910976447804,
        0.2900605984881614,
        0.27731617417379895,
        0.2705066533391641,
        0.2699443993252952,
        0.2532017242456425,
        0.24826638345723745,
        0.25776222902480167,
        0.24214406197288685,
        0.2443930780283626,
        0.2472668207659149,
        0.2495783094895983,
        0.235334541138252,
        0.24158180795901793,
        0.22896232898107077,
        0.23146123570937716,
        0.23102392703192354,
        0.23177359905041545,
        0.22946211032673205,
        0.23495970512900605
    ]
}