{
    "train_loss": [
        2.144459266538275,
        0.9791163839243158,
        0.7062619618751904,
        0.5715545975705774,
        0.47255872954482087,
        0.401285925856576,
        0.3566407776172167,
        0.31865556073618645,
        0.2927821478450043,
        0.27438677069742806
    ],
    "val_loss": [
        1.2065265680144648,
        0.8856464133648101,
        0.7987047782141767,
        0.7526317527313194,
        0.7663349764730164,
        0.7416810903571799,
        0.7632522689635882,
        0.7881453470392022,
        0.7951088073494251,
        0.8304449423270193
    ],
    "train_cer": [
        0.6626890745316443,
        0.29340706749813705,
        0.20706030774862402,
        0.16786288582970546,
        0.14171275051966897,
        0.12120707011282374,
        0.10782641095030789,
        0.09713234236707587,
        0.0900203945562223,
        0.08421252173458316
    ],
    "val_cer": [
        0.37328751361551327,
        0.2576131813509657,
        0.22536550941196323,
        0.20399490664743875,
        0.20025159934338707,
        0.18966601721307702,
        0.18954328582605895,
        0.1898347728702269,
        0.1885307518831597,
        0.1869199024285473
    ],
    "train_wer": [
        0.7718906420379154,
        0.5398793961927033,
        0.4374712613476622,
        0.3831995480641644,
        0.3405283970729272,
        0.305779260874706,
        0.28335325879895423,
        0.26359420366015474,
        0.25141558390372715,
        0.24069524547735724
    ],
    "val_wer": [
        0.6133566564627976,
        0.5099643905791217,
        0.4729805710001874,
        0.4462422690073093,
        0.4401199475229587,
        0.4251889798213282,
        0.43099893796464045,
        0.426500905853689,
        0.423752108452552,
        0.4248141438120822
    ]
}