{
    "train_loss": [
        1.645671823700126,
        0.7787026365624138,
        0.5676868097385248,
        0.46458765798183393,
        0.39001314509069135,
        0.3302019019100458,
        0.27907814531941494,
        0.2380756019150234,
        0.2046077373620903,
        0.17523769335676814
    ],
    "val_loss": [
        3.342145439069427,
        2.6787991744998187,
        0.6671518127081818,
        1.282960258869809,
        0.5657551670055014,
        0.600296795614948,
        0.615547999635762,
        1.9751773168021862,
        0.6493898324065233,
        0.6656955091073671
    ],
    "train_cer": [
        0.4890025701858442,
        0.2321600682087782,
        0.16944382661130883,
        0.1410111457097667,
        0.12259045077105575,
        0.10677392249901146,
        0.09543359529458284,
        0.08451030545670225,
        0.0763888888888889,
        0.06890692961644919
    ],
    "val_cer": [
        0.4281758293009969,
        0.28562059115023614,
        0.17956042674750772,
        0.20008161837579433,
        0.14985716784235995,
        0.15707164927417944,
        0.15252433976563867,
        0.22719057890747973,
        0.15103771934938495,
        0.15095027108960532
    ],
    "train_wer": [
        0.7314145682778626,
        0.5046135380460604,
        0.4078417643969893,
        0.3553799604911105,
        0.3208221849916231,
        0.2896526718511665,
        0.2663849366107374,
        0.24299217323897876,
        0.22425045635267934,
        0.20688404891100498
    ],
    "val_wer": [
        0.7700534759358288,
        0.6560289805071589,
        0.4206198608475648,
        0.4950261629578518,
        0.36725892703122304,
        0.3819791846357311,
        0.37433155080213903,
        0.5658099016732793,
        0.36800644011270195,
        0.3687539531941809
    ]
}