{
    "train_loss": [
        3.574639702063834,
        3.527536880980027,
        3.522936413125695,
        3.518983114056471,
        3.5165237027923033,
        3.5151965120843323,
        3.5152944873821044,
        3.514168867150508,
        3.5135440556716278,
        3.514469322985817
    ],
    "val_loss": [
        3.511490825645462,
        3.501886865573967,
        3.496204948710824,
        3.5054873801515014,
        3.5135116363000014,
        3.4862928695069577,
        3.515567561585508,
        3.4979757272792673,
        3.5028056593950163,
        3.500829383998574
    ],
    "train_cer": [
        0.9807395641317279,
        0.97994862140644,
        0.97947797780131,
        0.9799911100652364,
        0.9788798682197906,
        0.9809029820501758,
        0.9788929416532663,
        0.9799257428978573,
        0.9798211554300505,
        0.9804454118785216
    ],
    "val_cer": [
        0.9878342512618321,
        0.9878342512618321,
        0.9879569826488501,
        0.9878342512618321,
        0.9879569826488501,
        0.9878342512618321,
        0.9878342512618321,
        0.9275577988125738,
        0.9879569826488501,
        0.9879569826488501
    ],
    "train_wer": [
        0.9611913238829697,
        0.9572894359998424,
        0.9582090728746535,
        0.957013544937399,
        0.9569347189195581,
        0.9566982408660352,
        0.958668891312059,
        0.9577623921068881,
        0.9575784647319259,
        0.9563960744643115
    ],
    "val_wer": [
        0.9505841194477416,
        0.9505841194477416,
        0.9570188042731305,
        0.9505841194477416,
        0.9570188042731305,
        0.9505841194477416,
        0.9505841194477416,
        0.9786343474729806,
        0.9570188042731305,
        0.9570188042731305
    ]
}