{
    "batch_size": {
        "4": {
            "train_loss": [
                1.7165807144537168,
                0.7303541681834533,
                0.5418659836489396,
                0.4509181258840326,
                0.38718317314197986
            ],
            "val_loss": [
                0.8875127832448554,
                0.6089965200679063,
                0.9405537510829708,
                0.5007200645221661,
                0.4538410214525971
            ],
            "train_cer": [
                0.564464519755915,
                0.2168820005294827,
                0.15917819054187,
                0.13290996506067806,
                0.11508404720893976
            ],
            "val_cer": [
                0.2746881855698572,
                0.1786355338048264,
                0.1772241228541184,
                0.14091097372014175,
                0.12885261494561465
            ],
            "train_wer": [
                0.7111645383362236,
                0.46063902464659207,
                0.37684586683483107,
                0.3312312785748069,
                0.29947711387881654
            ],
            "val_wer": [
                0.5367651652402075,
                0.42031611170113076,
                0.44555506965702507,
                0.35965515087149375,
                0.33835197101268194
            ],
            "epoch_times": [
                836.202751159668,
                775.9987857341766,
                762.4919650554657,
                755.8144769668579,
                771.7563397884369
            ],
            "total_time": 3902.264318704605
        },
        "8": {
            "train_loss": [
                1.9375748697734907,
                0.8136547248407054,
                0.5907425041311468,
                0.4858655977054067,
                0.41505843550436883
            ],
            "val_loss": [
                1.0702775702632588,
                0.6618278001298731,
                0.5753338948927302,
                0.5097516349906372,
                0.492667135015979
            ],
            "train_cer": [
                0.6302609173124504,
                0.24457525354704387,
                0.17631120509610765,
                0.1455587186518455,
                0.1256050647308953
            ],
            "val_cer": [
                0.32775416903180277,
                0.20129481613304082,
                0.17013638525382385,
                0.1516192872374699,
                0.14735437153859135
            ],
            "train_wer": [
                0.736520573860949,
                0.49429817646749696,
                0.40183404277681434,
                0.3535787482263913,
                0.3179489200693678
            ],
            "val_wer": [
                0.6075466983194853,
                0.44692946835759356,
                0.40551008933591554,
                0.36833885175235836,
                0.3604672955581933
            ],
            "epoch_times": [
                521.2231483459473,
                516.8107523918152,
                517.6575918197632,
                516.2120850086212,
                509.2854561805725
            ],
            "total_time": 2581.1890337467194
        },
        "16": {
            "train_loss": [
                1.8453685434521436,
                0.7402075736523928,
                0.5656395816918929,
                0.4749393439553012,
                0.4131921333140379
            ],
            "val_loss": [
                1.3049782310332452,
                0.65339262037725,
                0.541215976318726,
                0.5084091514557392,
                0.48826973664980905
            ],
            "train_cer": [
                0.5901509679401489,
                0.22200687020156296,
                0.16879712641236244,
                0.142048444399413,
                0.12512787661091845
            ],
            "val_cer": [
                0.3700044490127794,
                0.19618612214841294,
                0.1569120783026249,
                0.1455747664268291,
                0.1456054492735836
            ],
            "train_wer": [
                0.7382416311944926,
                0.467786010825582,
                0.3918230069893321,
                0.3478900625361291,
                0.3166745493720111
            ],
            "val_wer": [
                0.6680827138127069,
                0.44155681889173487,
                0.38358218279502715,
                0.36221653026800776,
                0.3632160929593303
            ],
            "epoch_times": [
                401.19351840019226,
                402.40094900131226,
                388.9676659107208,
                391.79671263694763,
                384.6486074924469
            ],
            "total_time": 1969.0074534416199
        },
        "32": {
            "train_loss": [
                2.4073619291850554,
                0.9474813441477271,
                0.643860074579465,
                0.5257714620977013,
                0.45486607486844266
            ],
            "val_loss": [
                1.9074881883438475,
                0.8691742808637981,
                0.6761975017136442,
                3.900037713155537,
                0.49962819704484795
            ],
            "train_cer": [
                0.7634617710216075,
                0.29373543514000244,
                0.19297029994214912,
                0.15802117277151514,
                0.13832572338123736
            ],
            "val_cer": [
                0.6546031940843472,
                0.27273982480094505,
                0.20865869935412606,
                0.8939907644631269,
                0.14457757390730713
            ],
            "train_wer": [
                0.8268432392663829,
                0.5438935309264806,
                0.42884544642387934,
                0.3745073309159704,
                0.34084817909506543
            ],
            "val_wer": [
                0.7547947772849378,
                0.5427625413881427,
                0.46117323670893984,
                0.8568751171362529,
                0.3676516524020741
            ],
            "epoch_times": [
                342.8590726852417,
                348.82726526260376,
                350.8710618019104,
                352.49984073638916,
                352.5712094306946
            ],
            "total_time": 1747.6284499168396
        }
    }
}