{
    "train_loss": [
        2.260105958573451,
        0.9978525456106894,
        0.7226152605587841,
        0.5778811536008717,
        0.48128837394340884,
        0.4199962621606429,
        0.36261858565684274,
        0.33554278265785104,
        0.29897363940402677,
        0.27369468076713854
    ],
    "val_loss": [
        1.2794639591328398,
        0.8885899322802673,
        0.7671314166513031,
        0.7306470403265573,
        0.7379318252057134,
        0.719889202815092,
        0.7662605704170858,
        0.7459409389488711,
        0.7713385147754541,
        0.8039655069599371
    ],
    "train_cer": [
        0.6948006955066609,
        0.3003850126158633,
        0.21637839745852452,
        0.2643513615980965,
        0.1539462158946804,
        0.1251258317972049,
        0.11477167248434457,
        0.1028388960792773,
        0.09078845877292753,
        0.0834542625929848
    ],
    "val_cer": [
        0.4024515594556863,
        0.2535016798858598,
        0.21675897089731985,
        0.31629412576898885,
        0.20009818510961447,
        0.18860745900004602,
        0.2245677553963457,
        0.18214871975821917,
        0.18435788472454473,
        0.18406639768037678
    ],
    "train_wer": [
        0.7851596883744761,
        0.5445958195935205,
        0.45736169318286324,
        0.5289094420431704,
        0.36869556078142857,
        0.3143844344890103,
        0.30267877083962846,
        0.27928058121050486,
        0.25341250968903134,
        0.23852752998673096
    ],
    "val_wer": [
        0.6364715436996314,
        0.5098394452427063,
        0.46254763540950833,
        0.7296182919972513,
        0.43743362279002934,
        0.42537639782595116,
        0.4862872493284188,
        0.4200662210283001,
        0.4162553882676329,
        0.41844193165490096
    ]
}