{
    "optimizer": {
        "Adam": {
            "train_loss": [
                2.425299608307205,
                1.53916177410278,
                1.1668035785774056
            ],
            "val_loss": [
                1.8636155619356853,
                1.3733060087711575,
                1.1944971538526983
            ],
            "train_cer": [
                0.7852245283193456,
                0.5761305067964578,
                0.5513967669402522
            ],
            "val_cer": [
                0.672094239316736,
                0.5147285245330158,
                0.6597914185283096
            ],
            "train_wer": [
                0.8239560576743025,
                0.6748143062230822,
                0.7196679358342176
            ],
            "val_wer": [
                0.7331652243681587,
                0.6437618201616139,
                0.8805089116854834
            ]
        },
        "SGD": {
            "train_loss": [
                3.33371587780168,
                2.909121136478097,
                2.6494190847273353
            ],
            "val_loss": [
                3.030368525353896,
                2.753797665641299,
                2.515062579265382
            ],
            "train_cer": [
                0.9224614682323041,
                0.872081008472825,
                0.8259847692720527
            ],
            "val_cer": [
                0.896450047933068,
                0.8508410074659385,
                0.8041425790895622
            ],
            "train_wer": [
                0.925610136695587,
                0.888983209537482,
                0.8593970413831846
            ],
            "val_wer": [
                0.8990200011461975,
                0.8736317267465185,
                0.8455498882457447
            ]
        },
        "RMSprop": {
            "train_loss": [
                2.1544302855904918,
                1.3057200119657209,
                1.021477755188918
            ],
            "val_loss": [
                1.6344443275349934,
                1.2101789690685603,
                1.0900439123796362
            ],
            "train_cer": [
                0.7677915444476316,
                0.5527138023459885,
                0.526940622368628
            ],
            "val_cer": [
                0.6044069372222061,
                0.5415565174447318,
                0.5981175376928216
            ],
            "train_wer": [
                0.886136945259347,
                0.7075338618063791,
                0.6369515011547344
            ],
            "val_wer": [
                0.779700842455155,
                0.6418705943033984,
                0.6688062353143447
            ]
        }
    }
}