{
    "img_height": {
        "16": {
            "train_loss": [
                2.272989213917815,
                1.2081104879172737,
                0.8664252101196974,
                0.7097187482566268,
                0.6115609831525258,
                0.5346029232200501,
                0.47375534097307664,
                0.4296275711641079,
                0.3869660833429097,
                0.350085421403458
            ],
            "val_loss": [
                1.5331088623362863,
                1.002675021955829,
                0.8549115184895293,
                0.7645877018541157,
                0.7633358152981052,
                0.7166365542395148,
                0.6969560326454406,
                0.701978045160661,
                0.6993494024295769,
                0.7152254677669493
            ],
            "train_cer": [
                0.9630968450433549,
                0.9764808163078542,
                0.8442948984027481,
                0.6252095841654056,
                0.5865186313377762,
                0.5915453829384599,
                0.5672156437216265,
                0.6112569166860046,
                0.5980232903978586,
                0.622578547079222
            ],
            "val_cer": [
                1.0765690440759093,
                0.8761947133455043,
                0.7017627295460472,
                0.5550680392126781,
                0.6208520626543731,
                0.6349048064679441,
                0.5564334258932544,
                0.5233879999386343,
                0.6444778546553549,
                0.6657257260328613
            ],
            "train_wer": [
                0.9662094697566872,
                0.9892006936780703,
                0.9918676756529508,
                0.9883730096169006,
                0.9854038572704819,
                0.9817778128120237,
                0.9776393925061748,
                0.9698092385306637,
                0.9647380314257187,
                0.9595879972673288
            ],
            "val_wer": [
                0.9945648778659336,
                0.9952520772162179,
                0.9916286624601737,
                0.988817392390829,
                0.9851315049665771,
                0.9814456175423253,
                0.9843193602798775,
                0.983694633597801,
                0.9791341288186418,
                0.9753232960579746
            ]
        },
        "32": {
            "train_loss": [
                2.478210870286213,
                1.0410964533222935,
                0.7440364818998101,
                0.6090719018216089,
                0.523921055601764,
                0.496986320503902,
                0.4569052758276513,
                0.40212792965534155,
                0.36880262851514567,
                0.3333046668568662
            ],
            "val_loss": [
                1.4116649427813683,
                0.8737161592571083,
                0.725711243030078,
                0.6905938702934754,
                0.6721232716819483,
                0.7230064894654555,
                0.6942230786778731,
                0.6659757299218587,
                0.6940055740272214,
                0.7111791332964292
            ],
            "train_cer": [
                0.7598402421207793,
                0.3258727362458859,
                0.2932413396391067,
                0.2678036233139301,
                0.5812990459630739,
                0.3522157907982338,
                0.14257279474969195,
                0.12976405643819677,
                0.12214548817994332,
                0.1105264362030703
            ],
            "val_cer": [
                0.46306552321924427,
                0.2651304788058236,
                0.5227283187334121,
                0.38861359556939695,
                0.20077320773821394,
                0.20345795682923462,
                0.19138425663133027,
                0.18346808216866362,
                0.1833913750517773,
                0.18780970498442845
            ],
            "train_wer": [
                0.8395738083977088,
                0.5764622418413999,
                0.5885227810184456,
                0.593068474433759,
                0.917770245414893,
                0.6577197961006884,
                0.34630038362499344,
                0.32363760575963,
                0.3087918440275369,
                0.28785012349571704
            ],
            "val_wer": [
                0.698132067220591,
                0.5218966702067845,
                0.8412569500843381,
                0.8928593740238645,
                0.4428687449240957,
                0.4538014618604361,
                0.43056162928718683,
                0.42456425313925156,
                0.4272505778721809,
                0.4315611919785094
            ]
        },
        "64": {
            "train_loss": [
                3.921773178021982,
                3.6456843244618384,
                3.6054290732583447,
                3.5821000652417503,
                3.569861030658821,
                3.5644626447992027,
                3.5582262531261266,
                3.5553406050868954,
                3.554579641660589,
                3.5528811880076403
            ],
            "val_loss": [
                3.718762233109769,
                3.5931165808451153,
                3.584902714350504,
                3.549102707061463,
                3.5372785089496603,
                3.5388523780419203,
                3.5229924438956255,
                3.5387269408403044,
                3.5212130384768794,
                3.524756739953321
            ],
            "train_cer": [
                1.000143808238251,
                0.9816775230991983,
                0.9740230027813821,
                0.9714769432905286,
                0.9717286077074679,
                0.972385549886751,
                0.9707644388373757,
                0.971094544111543,
                0.9720685180887885,
                0.9695747525027536
            ],
            "val_cer": [
                1.0,
                0.9890155408618811,
                0.9266986791034472,
                0.9266986791034472,
                0.9881564211527546,
                0.9881564211527546,
                0.9881564211527546,
                0.9881564211527546,
                0.9870978629397236,
                0.9878342512618321
            ],
            "train_wer": [
                1.0,
                0.9674838404540438,
                0.9615061222344842,
                0.9607178517000368,
                0.9616900520258552,
                0.9607178517000368,
                0.9620973251353198,
                0.9625440117715066,
                0.9611908140207053,
                0.9635687634662883
            ],
            "val_wer": [
                1.0,
                0.9553945148997314,
                0.9751358780533517,
                0.9751358780533517,
                0.9518960454801024,
                0.9518960454801024,
                0.9518960454801024,
                0.9518960454801024,
                0.9535203348535016,
                0.9505841194477416
            ]
        },
        "96": {
            "train_loss": [
                3.967879874852648,
                3.182353025729963,
                1.5511655823787387,
                0.9742284244579663,
                0.7767438284607872,
                0.656079724286914,
                0.5759994046428908,
                0.4893172397846129,
                0.4267445126089406,
                0.36351349228277136
            ],