{
    "train_loss": [
        4.15787645998312,
        4.060814741984025,
        4.046974521656017,
        4.039903188077684,
        4.034109432188369,
        3.986588495988575,
        3.9402330575054503,
        3.933016864032525,
        3.9297998315026956
    ],
    "val_loss": [
        4.0499031842797475,
        4.027107960459353,
        4.005915665614611,
        4.010753091128691,
        4.1030160174972705,
        3.938731973734812,
        3.950362925527097,
        3.9902472033731824,
        3.8634956593158423
    ],
    "train_cer": [
        1.0000032684117806,
        1.0,
        1.0,
        1.0,
        1.0,
        0.9996568167630303,
        0.988511532590968,
        0.979608378900441,
        0.9768236920633157
    ],
    "val_cer": [
        1.0,
        1.0,
        1.0,
        1.0,
        1.0,
        1.0,
        0.9878342512618321,
        1.0,
        0.9879569826488501
    ],
    "train_wer": [
        0.9999868621577592,
        1.0,
        1.0,
        1.0,
        1.0,
        0.9987913185138473,
        0.9792947606285144,
        0.9691129328919018,
        0.966721845604078
    ],
    "val_wer": [
        1.0,
        1.0,
        1.0,
        1.0,
        1.0,
        1.0,
        0.9505841194477416,
        1.0,
        0.9570188042731305
    ]
}