{
    "train_loss": [
        2.088314984163388,
        1.0398713509514623,
        0.7753757769889652,
        0.6360888202967979,
        0.5442654272973094
    ],
    "val_loss": [
        5.855490859100987,
        13.938403666951618,
        1.0481592036540368,
        4.404622635494818,
        0.6535685010907252
    ],
    "train_cer": [
        0.6402110517991301,
        0.3205163849347568,
        0.2408560695927244,
        0.19987210854092527,
        0.17468614076710162
    ],
    "val_cer": [
        0.9519326065411299,
        1.1291465049845508,
        0.29216463592374514,
        0.9305515070250102,
        0.18728502302804173
    ],
    "train_wer": [
        0.8014178190092771,
        0.5832437298392138,
        0.4876347178115076,
        0.42985921832412294,
        0.39015028381385813
    ],
    "val_wer": [
        0.9997699959749295,
        0.9999424989937324,
        0.550974642056236,
        0.997642458743028,
        0.4061871082743948
    ]
}