{
    "train_loss": [
        4.111117497127264
    ],
    "val_loss": [
        3.9851339765336142
    ],
    "train_cer": [
        1.0000032684117806
    ],
    "val_cer": [
        1.0
    ],
    "train_wer": [
        1.0
    ],
    "val_wer": [
        1.0
    ]
}