{
    "train_loss": [
        2.3107738674589324,
        1.0311232633180634,
        0.7874312580158171,
        0.6436184957385364,
        0.5535696626423887,
        0.4689732531228168,
        0.4091745352167307,
        0.43955191192855547,
        0.3720777279268903,
        0.32934262782736323
    ],
    "val_loss": [
        1.3290000447256123,
        0.9210641617903452,
        0.8260777501497202,
        0.8094527886775201,
        0.7357468913177292,
        0.7214764642516177,
        0.8207352718639517,
        0.8263734697165366,
        0.7784955157729204,
        0.8122129779970813
    ],
    "train_cer": [
        0.8338235870886771,
        0.37119726503771683,
        0.26989776575021895,
        0.21082545658966415,
        0.16849367899491444,
        0.14701075943575062,
        0.12968519172190193,
        0.13363990534834164,
        0.11584696238773189,
        0.1032082205749696
    ],
    "val_cer": [
        0.5107926913459031,
        0.2773729346608778,
        0.2785235414141724,
        0.23463172913182886,
        0.2064955586579323,
        0.19785833729653438,
        0.21229461669453692,
        0.2209011552091803,
        0.19652363346271268,
        0.19672307196661706
    ],
    "train_wer": [
        0.8995756532706228,
        0.6347727840035734,
        0.5434659800044668,
        0.464600549154591,
        0.38796852214354216,
        0.35174796694562316,
        0.32394865798704625,
        0.33616669075239436,
        0.3010496998042487,
        0.27720482940735974
    ],
    "val_wer": [
        0.8113325420128694,
        0.5450115574436184,
        0.5558193290435435,
        0.49353407884050726,
        0.4581745486349722,
        0.44786655838070843,
        0.4697944649215968,
        0.4751671143874555,
        0.4438058349472106,
        0.4473043043668395
    ]
}