{
    "batch_size": {
        "4": {
            "train_loss": [
                2.395904978766269,
                1.5524012938152618,
                1.2288700815756526,
                1.0504576832816537,
                0.9356855004545569
            ],
            "val_loss": [
                1.890804576649519,
                1.3982638412057233,
                1.2740447429038027,
                1.1523344597800347,
                1.135289201171825
            ],
            "train_cer": [
                0.7663079518711464,
                0.5896833254681336,
                0.5862442283313748,
                0.6018265769725458,
                0.6052810960695592
            ],
            "val_cer": [
                0.6436539522993348,
                0.5545129709787061,
                0.6141969032333033,
                0.5701856316997357,
                0.5939342881213142
            ],
            "train_wer": [
                0.8100493102802572,
                0.6773235128893328,
                0.6649397665563948,
                0.6684476624430435,
                0.6503464203233257
            ],
            "val_wer": [
                0.722219038340306,
                0.647315032380079,
                0.6909278468680153,
                0.6369992549716316,
                0.6312109576480027
            ]
        },
        "8": {
            "train_loss": [
                2.5856052223953316,
                1.7197706642494404,
                1.3346327691198252,
                1.1034897844657767,
                0.9532340119634163
            ],
            "val_loss": [
                1.97855374483028,
                1.5487795427858173,
                1.3043853982695737,
                1.1748207514690736,
                1.0786741940000741
            ],
            "train_cer": [
                0.8142363199501562,
                0.6202064692038876,
                0.8411784845148097,
                1.1076514513606797,
                1.2343675299880017
            ],
            "val_cer": [
                0.7060831420852337,
                0.5578101850506928,
                1.1291142550039217,
                1.737486564215786,
                1.2336083432588676
            ],
            "train_wer": [
                0.846214343673928,
                0.7022907433992884,
                0.8032707071968042,
                0.9304787466450284,
                0.9454840521815118
            ],
            "val_wer": [
                0.7484669608573558,
                0.6681758266949396,
                0.9524328041721588,
                0.9673906814144076,
                0.9648117370622958
            ]
        },
        "16": {
            "train_loss": [
                2.6582051567989384,
                1.767411812949333,
                1.3662816281322476,
                1.1003204125830595,
                0.9393814647351381
            ],
            "val_loss": [
                2.02514821941103,
                1.5982603541106724,
                1.3076138006886904,
                1.1400528603142057,
                1.082903186707842
            ],
            "train_cer": [
                0.8244209825022439,
                0.6372847479897474,
                0.5327392794243291,
                0.47803450200948144,
                0.46591284124942556
            ],
            "val_cer": [
                0.7194027249222903,
                0.570505185486448,
                0.5686314382825437,
                0.4828602968945182,
                0.49629608110856116
            ],
            "train_wer": [
                0.8530428812184009,
                0.7116534548405218,
                0.6484738780350789,
                0.6077273578428313,
                0.5837338493227638
            ],
            "val_wer": [
                0.7578084703994499,
                0.6775173362370337,
                0.7281792652874091,
                0.5995759069287638,
                0.6028425697747722
            ]
        },
        "32": {
            "train_loss": [
                2.9647969028932586,
                2.1532081400366616,
                1.7234645372719692,
                1.4281300477844348,
                1.212225687565754
            ],
            "val_loss": [
                2.4188774557777375,
                1.9447146184715158,
                1.616066385647316,
                1.5272723951619187,
                1.2279958789383536
            ],
            "train_cer": [
                0.8714918895911021,
                0.7460897619774655,
                0.6474848325020897,
                0.5451076915484574,
                0.4683186670491313
            ],
            "val_cer": [
                0.7889201987043546,
                0.6910350637655056,
                0.6037242541324115,
                0.5346570606861691,
                0.4533741974842402
            ],
            "train_wer": [
                0.8941389426377879,
                0.7827351601023657,
                0.6932401223394296,
                0.6331939329629861,
                0.6077273578428313
            ],
            "val_wer": [
                0.8331709553556078,
                0.7277780961659694,
                0.6668003897071465,
                0.6649091638489312,
                0.6061665424952719
            ]
        }
    }
}