{
    "train_loss": [
        1.6190290376618446,
        0.7583924542370287,
        0.5660220492959878,
        0.4508586103883129,
        0.36536442943340386,
        0.2924449388560341,
        0.23364205972138355,
        0.18731191726891397,
        0.15150374836993258,
        0.12572472722151504,
        0.10608831143784553,
        0.09139516080569278,
        0.08101205444058909,
        0.0739270451289904,
        0.06613276587207413,
        0.06130374413240222,
        0.057977623132045485,
        0.054663618367606616,
        0.052677722409752985,
        0.05104948296180267,
        0.04798865682045584,
        0.04872868091189461,
        0.04632992588096159,
        0.046821556197884896,
        0.041989791194326935,
        0.04200427785387425,
        0.04167980925584249,
        0.041411528739673485,
        0.040253456368677845,
        0.04108985969695151
    ],
    "val_loss": [
        0.9848134046442649,
        0.7661920110699332,
        0.7082680108548098,
        0.6629392319507419,
        0.6835361216831901,
        0.69610704802144,
        0.7382789227926265,
        0.785185333879901,
        0.8293676861282481,
        0.8621236451333931,
        0.9135152126621778,
        0.9572005675641237,
        0.9777645500069296,
        1.036443262648467,
        1.049153472750444,
        1.0910470106391918,
        1.1223748373267848,
        1.1663286223875078,
        1.1645863723230652,
        1.1872916965425462,
        1.1907825180269547,
        1.2663894924109367,
        1.2507557802145421,
        1.2513217207171716,
        1.2867049067987042,
        1.279957982288088,
        1.3299775541622139,
        1.3191069581439292,
        1.3553715258444632,
        1.3665902933152336
    ],
    "train_cer": [
        0.49660562654797924,
        0.22974402630369542,
        0.17275371437912732,
        0.14227992091618782,
        0.12059972919037792,
        0.10316366092661305,
        0.08898779506065457,
        0.07768658258613936,
        0.06884979936029709,
        0.06214433104163004,
        0.05708284368609525,
        0.05354813039575834,
        0.050654970652009634,
        0.0488999515750448,
        0.046068479672314186,
        0.045143162057042746,
        0.04361021920774306,
        0.04260162300709719,
        0.04233019650661756,
        0.04173182444874203,
        0.04173799323284384,
        0.04074481899245249,
        0.03971154765539938,
        0.04027290700866406,
        0.03849629718734289,
        0.038628926045531795,
        0.03810766378892888,
        0.03985651408179191,
        0.03712682711674115,
        0.0376049078846314
    ],
    "val_cer": [
        0.28787438631147777,
        0.2205792638642768,
        0.19504401127153356,
        0.17852889056735322,
        0.1778752578218052,
        0.1769892223222845,
        0.17739592714173663,
        0.1768730209452982,
        0.1777300061005723,
        0.17738140196961333,
        0.17944397641112048,
        0.1761758126833803,
        0.1762048630276269,
        0.17890654504255876,
        0.17685849577317492,
        0.176611567847079,
        0.17989425674694245,
        0.1790953722801615,
        0.178717717804956,
        0.1784272143624902,
        0.1798361560584493,
        0.1817825291229701,
        0.180823867762833,
        0.18031548673851786,
        0.17865961711646283,
        0.17922609882927112,
        0.18627080730906662,
        0.1813612991313947,
        0.18230543531940854,
        0.18265403945036748
    ],
    "train_wer": [
        0.7159103676424693,
        0.4873977904000999,
        0.40599213532238937,
        0.3544847387803508,
        0.3145246863491667,
        0.27959553086573874,
        0.24989701017414642,
        0.22661506772361276,
        0.2063167093190188,
        0.192110355158854,
        0.17982647774795582,
        0.17168716060171024,
        0.16533300043692653,
        0.16137569440109856,
        0.1535734348667374,
        0.15127644965982148,
        0.14766868485113288,
        0.14588352786967107,
        0.14463516634417328,
        0.14406092004244428,
        0.1450720928780975,
        0.140852630921915,
        0.13764434180138568,
        0.14046563884901067,
        0.13540977467074464,
        0.13508520067411522,
        0.13378690468759752,
        0.13912989201672804,
        0.1316522064789963,
        0.13286311715872917
    ],
    "val_wer": [
        0.5622671786348787,
        0.468737463464955,
        0.4291936500659064,
        0.4115995185970543,
        0.4111983494756146,
        0.41274571608688176,
        0.4133761247062869,
        0.41360536420425237,
        0.4124591667144249,
        0.4124018568399335,
        0.4146942518195885,
        0.4120006877184939,
        0.412631096337899,
        0.41824746403805374,
        0.4164135480543298,
        0.41480887156857127,
        0.41652816780331253,
        0.4174451257951745,
        0.41629892830534704,
        0.41612699868187286,
        0.4165854776778039,
        0.42695856496074275,
        0.4224310848759241,
        0.4210556478881311,
        0.4162416184308556,
        0.416757407301278,
        0.43194452404149236,
        0.4206544787666915,
        0.4205971688922001,
        0.4243223107341395
    ]
}