{
    "train_loss": [
        3.5691040249007204,
        3.52147067244861,
        3.5168851545821527,
        3.512713874058126,
        3.511486602691766,
        3.510463711090505,
        3.50956070232632,
        3.5086867739113567,
        3.5090629374710223,
        3.509285548437133
    ],
    "val_loss": [
        3.5369255428542634,
        3.5038659339417477,
        3.4973137164544204,
        3.502443227939263,
        3.489495229340361,
        3.497114353789065,
        3.499569483145982,
        3.484789513304324,
        3.489143895531843,
        3.4931544924448588
    ],
    "train_cer": [
        0.97702997738296,
        0.9772358839602044,
        0.9790988482305107,
        0.9780039481769097,
        0.9801479912669464,
        0.9805075106875318,
        0.9785170804408362,
        0.9810500581767789,
        0.9803898497862493,
        0.978062778627551
    ],
    "val_cer": [
        0.9878342512618321,
        0.9879569826488501,
        0.9878342512618321,
        0.9878342512618321,
        0.9878342512618321,
        0.9275577988125738,
        0.9879569826488501,
        0.9878342512618321,
        0.9878342512618321,
        0.9275577988125738
    ],
    "train_wer": [
        0.9619138957131784,
        0.9586163406334984,
        0.9575784647319259,
        0.9585769276245779,
        0.9565800018392737,
        0.9569741319284786,
        0.957341986678403,
        0.9563960744643115,
        0.9568953059106375,
        0.9573157113391226
    ],
    "val_wer": [
        0.9505841194477416,
        0.9570188042731305,
        0.9505841194477416,
        0.9505841194477416,
        0.9505841194477416,
        0.9786343474729806,
        0.9570188042731305,
        0.9505841194477416,
        0.9505841194477416,
        0.9786343474729806
    ]
}