{
    "learning_rate": {
        "0.0001": {
            "train_loss": [
                2.893302932721105,
                2.3398107857071904,
                2.053526635793187,
                1.858484864984598
            ],
            "val_loss": [
                2.5465840725287947,
                2.1736616151907593,
                2.007030294492745,
                1.8252140120573266
            ],
            "train_cer": [
                0.8616249194202577,
                0.8198036476020394,
                0.8342416867923248,
                0.8848257164271637
            ],
            "val_cer": [
                0.8126979054701798,
                0.8434041193388142,
                0.908084710803823,
                0.7348429828893472
            ],
            "train_wer": [
                0.8899319642968604,
                0.8630422570376381,
                0.8838524436676861,
                0.8659010049310281
            ],
            "val_wer": [
                0.8470399449825204,
                0.9128889907731103,
                0.9055533268382142,
                0.7886411828758095
            ]
        },
        "0.001": {
            "train_loss": [
                2.101653517290152,
                1.2720352847018925,
                1.0073449419380325,
                0.8735305373949616
            ],
            "val_loss": [
                1.5756485661872475,
                1.1650785182139176,
                1.1201874923258064,
                1.026829513590561
            ],
            "train_cer": [
                0.8081138017291102,
                0.7649107222720866,
                0.6774219417481717,
                0.7504171640248849
            ],
            "val_cer": [
                0.7408854544926358,
                0.8758824042064899,
                0.6881009789966012,
                0.9414926066873892
            ],
            "train_wer": [
                0.985381686536421,
                0.9725110792085387,
                0.8088758504462893,
                0.7403283190812059
            ],
            "val_wer": [
                0.9531778325405468,
                0.9915754484497679,
                0.8421686056507536,
                0.8152329646398074
            ]
        },
        "0.01": {
            "train_loss": [
                7.5975149904461885,
                7.125068504842733,
                7.099795938800756,
                7.162676841449395
            ],
            "val_loss": [
                6.859529104613034,
                6.75828820374119,
                6.854733571341888,
                5.672843117980538
            ],
            "train_cer": [
                0.9686718299389598,
                0.968085795449288,
                0.9682122555233751,
                0.9686286484502472
            ],
            "val_cer": [
                0.934012143043895,
                0.9866223164744502,
                0.9676379165093106,
                0.9866223164744502
            ],
            "train_wer": [
                0.9834841770176643,
                0.9826977092566007,
                0.9829099307159354,
                0.9838961363210785
            ],
            "val_wer": [
                1.0,
                0.953521691787495,
                1.0,
                0.953521691787495
            ]
        }
    }
}