{
    "learning_rate": {
        "24": {
            "train_loss": [
                1.950969939308337,
                0.7583486060238787,
                0.5704464717226575,
                0.4761374824078113,
                0.41360642053382757
            ],
            "val_loss": [
                1.0557601226495577,
                0.6730214728714227,
                0.5504590341975758,
                0.5288634436925153,
                0.7361870894913788
            ],
            "train_cer": [
                0.6226814703930919,
                0.22826261034975273,
                0.17084315218705776,
                0.14318912011086452,
                0.12661500397112033
            ],
            "val_cer": [
                0.29839068468772534,
                0.20585121887608732,
                0.16134574965865334,
                0.15513247319086265,
                0.1632020618873019
            ],
            "train_wer": [
                0.7569367807031373,
                0.47524830521835093,
                0.3955672920279573,
                0.34942719007830153,
                0.32018235325030214
            ],
            "val_wer": [
                0.5736240394827263,
                0.45180233647779094,
                0.3892047229337165,
                0.37902167801586806,
                0.41737989629537076
            ],
            "epoch_times": [
                387.53664350509644,
                382.6108009815216,
                390.3293426036835,
                389.60283851623535,
                390.3302128314972
            ],
            "total_time": 1940.409838438034
        },
        "36": {
            "train_loss": [
                2.1061653827267115,
                0.814243283839632,
                0.5925182516250826,
                0.4928582812490022,
                0.4245138563858159
            ],
            "val_loss": [
                1.1217508920125074,
                0.6833406208635686,
                0.5932054757759287,
                0.5174178711429879,
                0.5052695391210286
            ],
            "train_cer": [
                0.6739693880552623,
                0.2446733059004638,
                0.1762098843309071,
                0.1478564121336519,
                0.12775241127079118
            ],
            "val_cer": [
                0.335823757728242,
                0.21094457143733797,
                0.17892702084899437,
                0.15411993924796344,
                0.15332218523234586
            ],
            "train_wer": [
                0.7789689421409428,
                0.49469231173472067,
                0.40186031846129594,
                0.3576777550055179,
                0.3222055809553839
            ],
            "val_wer": [
                0.6060473542825014,
                0.4611107640407322,
                0.41481851689885674,
                0.3730243018679328,
                0.37358655588180173
            ],
            "epoch_times": [
                393.95212030410767,
                401.54772329330444,
                406.61117720603943,
                385.9541473388672,
                394.9306995868683
            ],
            "total_time": 1982.995867729187
        },
        "48": {
            "train_loss": [
                1.9271619287700432,
                0.7592118000194478,
                0.5714763045671359,
                0.4799233128956189,
                0.4150710019325107
            ],
            "val_loss": [
                1.3328667031777846,
                0.635112712589594,
                0.5652242376618869,
                0.5257297921162861,
                0.4736740905177462
            ],
            "train_cer": [
                0.6158995159482152,
                0.22614467951588285,
                0.1707483682454185,
                0.1443461378812194,
                0.1260266898506009
            ],
            "val_cer": [
                0.3777825506650507,
                0.1852016630102941,
                0.165089056962705,
                0.15169599435435618,
                0.135633524078364
            ],
            "train_wer": [
                0.748870145567292,
                0.4729491828262126,
                0.3959088759262179,
                0.3513715907299385,
                0.3192364286089653
            ],
            "val_wer": [
                0.6783907040669707,
                0.43149871931030176,
                0.3968263884550509,
                0.3743987005685013,
                0.3450365465109015
            ],
            "epoch_times": [
                397.8321695327759,
                408.0987193584442,
                398.12827467918396,
                397.4403784275055,
                417.98745822906494
            ],
            "total_time": 2019.4870002269745
        },
        "64": {
            "train_loss": [
                2.116112671001226,
                0.9148447754568607,
                0.6503934293577974,
                0.5293806820011039,
                0.45543645167592073
            ],
            "val_loss": [
                1.3922159525302502,
                0.7215527015236708,
                0.6038270527264336,
                0.993865897545924,
                0.495531389480466
            ],
            "train_cer": [
                0.6955801267490088,
                0.282018178906324,
                0.19440513271386034,
                0.15914550642406336,
                0.13707719008102393
            ],
            "val_cer": [
                0.5028151511897274,
                0.2188300630532501,
                0.1762882960281055,
                0.3078716843348726,
                0.14287467591243116
            ],
            "train_wer": [
                0.7694177308318881,
                0.5281018445530506,
                0.4280965894161543,
                0.3745861579694151,
                0.3373403752167744
            ],
            "val_wer": [
                0.670269257199975,
                0.4671706128568751,
                0.41163241082026614,
                0.5389517086274754,
                0.35703129880677204
            ],
            "epoch_times": [
                416.0981729030609,
                415.0095410346985,
                414.7826542854309,
                412.87627124786377,
                398.20466804504395
            ],
            "total_time": 2056.971307516098
        }
    }
}